_geojson,Store ID,Store Name,STORE_LAT,STORE_LNG
"{""type"":""Feature"",""properties"":{""Store ID"":1930322157,""Store Name"":""Avocalia - Ciudad Judicial - Turbo"",""STORE_LAT"":19.01433007,""STORE_LNG"":-98.26950581},""geometry"":{""type"":""Polygon"",""coordinates"":[[[-98.269506,19.04128],[-98.266003,19.041075],[-98.262553,19.040466],[-98.259209,19.03946],[-98.25602,19.038073],[-98.253037,19.036326],[-98.250302,19.034246],[-98.247859,19.031864],[-98.245744,19.029216],[-98.243989,19.026342],[-98.242621,19.023287],[-98.241661,19.020095],[-98.241123,19.016817],[-98.241015,19.0135],[-98.241338,19.010196],[-98.242089,19.006955],[-98.243256,19.003826],[-98.24482,19.000855],[-98.246759,18.998089],[-98.249042,18.99557],[-98.251635,18.993334],[-98.2545,18.991417],[-98.257592,18.989847],[-98.260865,18.988649],[-98.264268,18.987839],[-98.267751,18.987432],[-98.271261,18.987432],[-98.274744,18.987839],[-98.278147,18.988649],[-98.28142,18.989847],[-98.284512,18.991417],[-98.287376,18.993334],[-98.28997,18.99557],[-98.292253,18.998089],[-98.294192,19.000855],[-98.295756,19.003826],[-98.296922,19.006955],[-98.297673,19.010196],[-98.297997,19.0135],[-98.297889,19.016817],[-98.297351,19.020095],[-98.29639,19.023287],[-98.295022,19.026342],[-98.293267,19.029216],[-98.291152,19.031864],[-98.288709,19.034246],[-98.285975,19.036326],[-98.282991,19.038073],[-98.279803,19.03946],[-98.276459,19.040466],[-98.273009,19.041075],[-98.269506,19.04128]]]}}",1930322157,Avocalia - Ciudad Judicial - Turbo,19.01433007,-98.26950581
"{""type"":""Feature"",""properties"":{""Store ID"":1930323552,""Store Name"":""Avocalia - Lindavista - Turbo"",""STORE_LAT"":19.49147202,""STORE_LNG"":-99.15308432},""geometry"":{""type"":""Polygon"",""coordinates"":[[[-99.153084,19.518421],[-99.149571,19.518217],[-99.146111,19.517608],[-99.142757,19.516602],[-99.13956,19.515215],[-99.136567,19.513468],[-99.133825,19.511388],[-99.131375,19.509006],[-99.129253,19.506358],[-99.127494,19.503484],[-99.126122,19.500429],[-99.125158,19.497237],[-99.124618,19.493959],[-99.12451,19.490642],[-99.124835,19.487338],[-99.125588,19.484097],[-99.126758,19.480968],[-99.128327,19.477997],[-99.130271,19.475231],[-99.132561,19.472712],[-99.135162,19.470476],[-99.138035,19.468559],[-99.141136,19.466989],[-99.144418,19.465791],[-99.147831,19.464981],[-99.151324,19.464574],[-99.154844,19.464574],[-99.158337,19.464981],[-99.161751,19.465791],[-99.165033,19.466989],[-99.168134,19.468559],[-99.171007,19.470476],[-99.173608,19.472712],[-99.175898,19.475231],[-99.177842,19.477997],[-99.179411,19.480968],[-99.180581,19.484097],[-99.181334,19.487338],[-99.181659,19.490642],[-99.18155,19.493959],[-99.18101,19.497237],[-99.180047,19.500429],[-99.178675,19.503484],[-99.176915,19.506358],[-99.174794,19.509006],[-99.172344,19.511388],[-99.169602,19.513468],[-99.166609,19.515215],[-99.163411,19.516602],[-99.160057,19.517608],[-99.156597,19.518217],[-99.153084,19.518421]]]}}",1930323552,Avocalia - Lindavista - Turbo,19.49147202,-99.15308432
"{""type"":""Feature"",""properties"":{""Store ID"":1930214657,""Store Name"":""Avocalia - Coapa - Turbo"",""STORE_LAT"":19.30534942,""STORE_LNG"":-99.12708748},""geometry"":{""type"":""Polygon"",""coordinates"":[[[-99.127087,19.332299],[-99.123578,19.332095],[-99.120122,19.331485],[-99.116772,19.330479],[-99.113578,19.329092],[-99.110589,19.327345],[-99.10785,19.325265],[-99.105403,19.322883],[-99.103284,19.320235],[-99.101526,19.317362],[-99.100156,19.314306],[-99.099193,19.311115],[-99.098654,19.307836],[-99.098546,19.30452],[-99.09887,19.301216],[-99.099622,19.297974],[-99.100791,19.294845],[-99.102358,19.291875],[-99.1043,19.289109],[-99.106587,19.286589],[-99.109186,19.284354],[-99.112055,19.282437],[-99.115153,19.280867],[-99.118431,19.279668],[-99.12184,19.278859],[-99.12533,19.278451],[-99.128845,19.278451],[-99.132334,19.278859],[-99.135744,19.279668],[-99.139022,19.280867],[-99.14212,19.282437],[-99.144989,19.284354],[-99.147588,19.286589],[-99.149875,19.289109],[-99.151817,19.291875],[-99.153384,19.294845],[-99.154553,19.297974],[-99.155305,19.301216],[-99.155629,19.30452],[-99.155521,19.307836],[-99.154981,19.311115],[-99.154019,19.314306],[-99.152649,19.317362],[-99.150891,19.320235],[-99.148772,19.322883],[-99.146325,19.325265],[-99.143586,19.327345],[-99.140597,19.329092],[-99.137403,19.330479],[-99.134052,19.331485],[-99.130597,19.332095],[-99.127087,19.332299]]]}}",1930214657,Avocalia - Coapa - Turbo,19.30534942,-99.12708748
"{""type"":""Feature"",""properties"":{""Store ID"":1930294778,""Store Name"":""Avocalia - Tec de Monterrey - Turbo"",""STORE_LAT"":25.6559117,""STORE_LNG"":-100.2920663},""geometry"":{""type"":""Polygon"",""coordinates"":[[[-100.292066,25.682861],[-100.288392,25.682657],[-100.284774,25.682047],[-100.281266,25.681041],[-100.277922,25.679655],[-100.274793,25.677908],[-100.271925,25.675828],[-100.269362,25.673446],[-100.267144,25.670798],[-100.265304,25.667924],[-100.263869,25.664868],[-100.262861,25.661677],[-100.262297,25.658398],[-100.262183,25.655082],[-100.262523,25.651778],[-100.263311,25.648537],[-100.264534,25.645407],[-100.266175,25.642437],[-100.268208,25.639671],[-100.270603,25.637151],[-100.273323,25.634916],[-100.276328,25.632999],[-100.279571,25.631429],[-100.283003,25.63023],[-100.286573,25.629421],[-100.290226,25.629013],[-100.293907,25.629013],[-100.29756,25.629421],[-100.30113,25.63023],[-100.304562,25.631429],[-100.307805,25.632999],[-100.310809,25.634916],[-100.31353,25.637151],[-100.315925,25.639671],[-100.317958,25.642437],[-100.319599,25.645407],[-100.320822,25.648537],[-100.321609,25.651778],[-100.321949,25.655082],[-100.321836,25.658398],[-100.321271,25.661677],[-100.320264,25.664868],[-100.318829,25.667924],[-100.316989,25.670798],[-100.31477,25.673446],[-100.312208,25.675828],[-100.30934,25.677908],[-100.30621,25.679655],[-100.302866,25.681041],[-100.299359,25.682047],[-100.29574,25.682657],[-100.292066,25.682861]]]}}",1930294778,Avocalia - Tec de Monterrey - Turbo,25.6559117,-100.2920663
"{""type"":""Feature"",""properties"":{""Store ID"":1930294777,""Store Name"":""Avocalia - Roma - Turbo"",""STORE_LAT"":19.42041315,""STORE_LNG"":-99.14577064},""geometry"":{""type"":""Polygon"",""coordinates"":[[[-99.145771,19.447363],[-99.142259,19.447158],[-99.138801,19.446549],[-99.135448,19.445543],[-99.132252,19.444156],[-99.129261,19.442409],[-99.12652,19.440329],[-99.12407,19.437947],[-99.12195,19.435299],[-99.120191,19.432426],[-99.11882,19.42937],[-99.117857,19.426179],[-99.117317,19.4229],[-99.117209,19.419583],[-99.117534,19.416279],[-99.118286,19.413038],[-99.119456,19.409909],[-99.121024,19.406938],[-99.122967,19.404172],[-99.125256,19.401653],[-99.127856,19.399417],[-99.130728,19.3975],[-99.133827,19.395931],[-99.137108,19.394732],[-99.14052,19.393923],[-99.144012,19.393515],[-99.14753,19.393515],[-99.151021,19.393923],[-99.154433,19.394732],[-99.157714,19.395931],[-99.160814,19.3975],[-99.163685,19.399417],[-99.166285,19.401653],[-99.168574,19.404172],[-99.170518,19.406938],[-99.172086,19.409909],[-99.173255,19.413038],[-99.174008,19.416279],[-99.174332,19.419583],[-99.174224,19.4229],[-99.173684,19.426179],[-99.172722,19.42937],[-99.17135,19.432426],[-99.169591,19.435299],[-99.167471,19.437947],[-99.165022,19.440329],[-99.162281,19.442409],[-99.159289,19.444156],[-99.156093,19.445543],[-99.152741,19.446549],[-99.149282,19.447158],[-99.145771,19.447363]]]}}",1930294777,Avocalia - Roma - Turbo,19.42041315,-99.14577064
"{""type"":""Feature"",""properties"":{""Store ID"":1930322159,""Store Name"":""Avocalia - El Prado - Turbo"",""STORE_LAT"":19.35912386,""STORE_LNG"":-99.13635615},""geometry"":{""type"":""Polygon"",""coordinates"":[[[-99.136356,19.386073],[-99.132846,19.385869],[-99.129389,19.385259],[-99.126037,19.384253],[-99.122842,19.382867],[-99.119852,19.38112],[-99.117112,19.37904],[-99.114664,19.376658],[-99.112545,19.37401],[-99.110786,19.371136],[-99.109415,19.368081],[-99.108453,19.364889],[-99.107913,19.36161],[-99.107805,19.358294],[-99.10813,19.35499],[-99.108882,19.351749],[-99.110051,19.348619],[-99.111619,19.345649],[-99.113561,19.342883],[-99.115849,19.340363],[-99.118448,19.338128],[-99.121319,19.336211],[-99.124417,19.334641],[-99.127697,19.333443],[-99.131107,19.332633],[-99.134598,19.332226],[-99.138115,19.332226],[-99.141605,19.332633],[-99.145016,19.333443],[-99.148295,19.334641],[-99.151393,19.336211],[-99.154264,19.338128],[-99.156863,19.340363],[-99.159151,19.342883],[-99.161094,19.345649],[-99.162661,19.348619],[-99.16383,19.351749],[-99.164583,19.35499],[-99.164907,19.358294],[-99.164799,19.36161],[-99.164259,19.364889],[-99.163297,19.368081],[-99.161926,19.371136],[-99.160168,19.37401],[-99.158048,19.376658],[-99.1556,19.37904],[-99.15286,19.38112],[-99.14987,19.382867],[-99.146675,19.384253],[-99.143323,19.385259],[-99.139866,19.385869],[-99.136356,19.386073]]]}}",1930322159,Avocalia - El Prado - Turbo,19.35912386,-99.13635615
"{""type"":""Feature"",""properties"":{""Store ID"":1930278036,""Store Name"":""Avocalia - Del Valle - Turbo"",""STORE_LAT"":19.3738534,""STORE_LNG"":-99.188999},""geometry"":{""type"":""Polygon"",""coordinates"":[[[-99.188999,19.400803],[-99.185488,19.400599],[-99.182031,19.399989],[-99.178679,19.398983],[-99.175484,19.397596],[-99.172494,19.395849],[-99.169753,19.393769],[-99.167305,19.391387],[-99.165185,19.388739],[-99.163427,19.385866],[-99.162056,19.38281],[-99.161093,19.379619],[-99.160554,19.37634],[-99.160445,19.373023],[-99.16077,19.36972],[-99.161522,19.366478],[-99.162691,19.363349],[-99.164259,19.360379],[-99.166202,19.357613],[-99.16849,19.355093],[-99.17109,19.352858],[-99.17396,19.350941],[-99.177059,19.349371],[-99.180339,19.348172],[-99.18375,19.347363],[-99.18724,19.346955],[-99.190758,19.346955],[-99.194248,19.347363],[-99.197659,19.348172],[-99.200939,19.349371],[-99.204038,19.350941],[-99.206908,19.352858],[-99.209508,19.355093],[-99.211796,19.357613],[-99.213739,19.360379],[-99.215307,19.363349],[-99.216476,19.366478],[-99.217228,19.36972],[-99.217553,19.373023],[-99.217444,19.37634],[-99.216905,19.379619],[-99.215942,19.38281],[-99.214571,19.385866],[-99.212813,19.388739],[-99.210693,19.391387],[-99.208245,19.393769],[-99.205504,19.395849],[-99.202514,19.397596],[-99.199319,19.398983],[-99.195967,19.399989],[-99.19251,19.400599],[-99.188999,19.400803]]]}}",1930278036,Avocalia - Del Valle - Turbo,19.3738534,-99.188999
"{""type"":""Feature"",""properties"":{""Store ID"":1930290414,""Store Name"":""Avocalia - San Angel - Turbo"",""STORE_LAT"":19.3472217,""STORE_LNG"":-99.1904483},""geometry"":{""type"":""Polygon"",""coordinates"":[[[-99.190448,19.374171],[-99.186938,19.373967],[-99.183482,19.373357],[-99.18013,19.372351],[-99.176936,19.370965],[-99.173946,19.369218],[-99.171206,19.367138],[-99.168758,19.364756],[-99.166639,19.362108],[-99.16488,19.359234],[-99.16351,19.356178],[-99.162547,19.352987],[-99.162008,19.349708],[-99.161899,19.346392],[-99.162224,19.343088],[-99.162976,19.339847],[-99.164145,19.336717],[-99.165713,19.333747],[-99.167655,19.330981],[-99.169943,19.328461],[-99.172542,19.326226],[-99.175412,19.324309],[-99.17851,19.322739],[-99.18179,19.32154],[-99.1852,19.320731],[-99.18869,19.320323],[-99.192207,19.320323],[-99.195697,19.320731],[-99.199107,19.32154],[-99.202386,19.322739],[-99.205484,19.324309],[-99.208355,19.326226],[-99.210954,19.328461],[-99.213242,19.330981],[-99.215184,19.333747],[-99.216752,19.336717],[-99.21792,19.339847],[-99.218673,19.343088],[-99.218997,19.346392],[-99.218889,19.349708],[-99.218349,19.352987],[-99.217387,19.356178],[-99.216016,19.359234],[-99.214258,19.362108],[-99.212139,19.364756],[-99.209691,19.367138],[-99.206951,19.369218],[-99.203961,19.370965],[-99.200766,19.372351],[-99.197415,19.373357],[-99.193958,19.373967],[-99.190448,19.374171]]]}}",1930290414,Avocalia - San Angel - Turbo,19.3472217,-99.1904483
"{""type"":""Feature"",""properties"":{""Store ID"":1930292023,""Store Name"":""Avocalia - Jardines Guadalajara - Turbo"",""STORE_LAT"":20.6871586,""STORE_LNG"":-103.4241984},""geometry"":{""type"":""Polygon"",""coordinates"":[[[-103.424198,20.714108],[-103.420658,20.713904],[-103.417172,20.713294],[-103.413792,20.712288],[-103.41057,20.710901],[-103.407555,20.709155],[-103.404791,20.707074],[-103.402322,20.704692],[-103.400185,20.702045],[-103.398412,20.699171],[-103.397029,20.696115],[-103.396058,20.692924],[-103.395514,20.689645],[-103.395405,20.686329],[-103.395732,20.683025],[-103.396491,20.679784],[-103.39767,20.676654],[-103.399251,20.673684],[-103.40121,20.670918],[-103.403518,20.668398],[-103.406139,20.666163],[-103.409034,20.664246],[-103.412158,20.662676],[-103.415466,20.661477],[-103.418905,20.660668],[-103.422425,20.66026],[-103.425972,20.66026],[-103.429492,20.660668],[-103.432931,20.661477],[-103.436239,20.662676],[-103.439363,20.664246],[-103.442258,20.666163],[-103.444879,20.668398],[-103.447187,20.670918],[-103.449146,20.673684],[-103.450727,20.676654],[-103.451906,20.679784],[-103.452664,20.683025],[-103.452992,20.686329],[-103.452882,20.689645],[-103.452338,20.692924],[-103.451368,20.696115],[-103.449985,20.699171],[-103.448212,20.702045],[-103.446074,20.704692],[-103.443605,20.707074],[-103.440842,20.709155],[-103.437827,20.710901],[-103.434605,20.712288],[-103.431225,20.713294],[-103.427738,20.713904],[-103.424198,20.714108]]]}}",1930292023,Avocalia - Jardines Guadalajara - Turbo,20.6871586,-103.4241984
"{""type"":""Feature"",""properties"":{""Store ID"":1930322165,""Store Name"":""Avocalia - La Calma - Turbo"",""STORE_LAT"":20.640052,""STORE_LNG"":-103.4200824},""geometry"":{""type"":""Polygon"",""coordinates"":[[[-103.420082,20.667001],[-103.416543,20.666797],[-103.413058,20.666188],[-103.409679,20.665182],[-103.406458,20.663795],[-103.403444,20.662048],[-103.400681,20.659968],[-103.398213,20.657586],[-103.396076,20.654938],[-103.394304,20.652064],[-103.392922,20.649009],[-103.391951,20.645817],[-103.391407,20.642539],[-103.391298,20.639222],[-103.391625,20.635918],[-103.392384,20.632677],[-103.393562,20.629547],[-103.395143,20.626577],[-103.397101,20.623811],[-103.399408,20.621292],[-103.402028,20.619056],[-103.404922,20.617139],[-103.408046,20.615569],[-103.411352,20.614371],[-103.414791,20.613561],[-103.41831,20.613154],[-103.421855,20.613154],[-103.425374,20.613561],[-103.428813,20.614371],[-103.432119,20.615569],[-103.435243,20.617139],[-103.438136,20.619056],[-103.440757,20.621292],[-103.443064,20.623811],[-103.445022,20.626577],[-103.446603,20.629547],[-103.447781,20.632677],[-103.448539,20.635918],[-103.448867,20.639222],[-103.448757,20.642539],[-103.448214,20.645817],[-103.447243,20.649009],[-103.445861,20.652064],[-103.444088,20.654938],[-103.441952,20.657586],[-103.439483,20.659968],[-103.436721,20.662048],[-103.433707,20.663795],[-103.430485,20.665182],[-103.427107,20.666188],[-103.423621,20.666797],[-103.420082,20.667001]]]}}",1930322165,Avocalia - La Calma - Turbo,20.640052,-103.4200824
"{""type"":""Feature"",""properties"":{""Store ID"":1930249230,""Store Name"":""Avocalia - Montejo - Turbo"",""STORE_LAT"":21.01006518,""STORE_LNG"":-89.62339135},""geometry"":{""type"":""Polygon"",""coordinates"":[[[-89.623391,21.037015],[-89.619844,21.03681],[-89.61635,21.036201],[-89.612963,21.035195],[-89.609734,21.033808],[-89.606712,21.032061],[-89.603943,21.029981],[-89.601468,21.027599],[-89.599326,21.024951],[-89.597549,21.022078],[-89.596164,21.019022],[-89.595191,21.015831],[-89.594646,21.012552],[-89.594536,21.009235],[-89.594864,21.005931],[-89.595625,21.00269],[-89.596806,20.999561],[-89.59839,20.99659],[-89.600354,20.993825],[-89.602666,20.991305],[-89.605293,20.989069],[-89.608194,20.987152],[-89.611325,20.985583],[-89.61464,20.984384],[-89.618087,20.983575],[-89.621614,20.983167],[-89.625169,20.983167],[-89.628696,20.983575],[-89.632143,20.984384],[-89.635457,20.985583],[-89.638589,20.987152],[-89.64149,20.989069],[-89.644117,20.991305],[-89.646429,20.993825],[-89.648392,20.99659],[-89.649977,20.999561],[-89.651158,21.00269],[-89.651918,21.005931],[-89.652246,21.009235],[-89.652137,21.012552],[-89.651592,21.015831],[-89.650619,21.019022],[-89.649234,21.022078],[-89.647456,21.024951],[-89.645314,21.027599],[-89.64284,21.029981],[-89.640071,21.032061],[-89.637049,21.033808],[-89.63382,21.035195],[-89.630433,21.036201],[-89.626939,21.03681],[-89.623391,21.037015]]]}}",1930249230,Avocalia - Montejo - Turbo,21.01006518,-89.62339135
"{""type"":""Feature"",""properties"":{""Store ID"":1930242986,""Store Name"":""Avocalia - San Jerónimo Monterrey - Turbo"",""STORE_LAT"":25.67551495,""STORE_LNG"":-100.3533038},""geometry"":{""type"":""Polygon"",""coordinates"":[[[-100.353304,25.702464],[-100.349629,25.70226],[-100.34601,25.70165],[-100.342502,25.700645],[-100.339157,25.699258],[-100.336027,25.697511],[-100.333159,25.695431],[-100.330596,25.693049],[-100.328378,25.690401],[-100.326537,25.687527],[-100.325102,25.684472],[-100.324094,25.68128],[-100.323529,25.678002],[-100.323416,25.674685],[-100.323756,25.671381],[-100.324543,25.66814],[-100.325767,25.66501],[-100.327408,25.66204],[-100.329442,25.659274],[-100.331837,25.656755],[-100.334558,25.654519],[-100.337562,25.652602],[-100.340806,25.651032],[-100.344239,25.649834],[-100.347809,25.649024],[-100.351463,25.648617],[-100.355145,25.648617],[-100.358798,25.649024],[-100.362369,25.649834],[-100.365802,25.651032],[-100.369045,25.652602],[-100.37205,25.654519],[-100.374771,25.656755],[-100.377166,25.659274],[-100.3792,25.66204],[-100.380841,25.66501],[-100.382064,25.66814],[-100.382852,25.671381],[-100.383192,25.674685],[-100.383078,25.678002],[-100.382513,25.68128],[-100.381506,25.684472],[-100.380071,25.687527],[-100.37823,25.690401],[-100.376011,25.693049],[-100.373449,25.695431],[-100.37058,25.697511],[-100.36745,25.699258],[-100.364106,25.700645],[-100.360597,25.70165],[-100.356978,25.70226],[-100.353304,25.702464]]]}}",1930242986,Avocalia - San Jerónimo Monterrey - Turbo,25.67551495,-100.3533038
"{""type"":""Feature"",""properties"":{""Store ID"":1930290413,""Store Name"":""Avocalia - Lincoln - Turbo"",""STORE_LAT"":25.72274427,""STORE_LNG"":-100.3613044},""geometry"":{""type"":""Polygon"",""coordinates"":[[[-100.361304,25.749694],[-100.357628,25.749489],[-100.354008,25.74888],[-100.350498,25.747874],[-100.347152,25.746487],[-100.344021,25.74474],[-100.341152,25.74266],[-100.338588,25.740278],[-100.336368,25.73763],[-100.334527,25.734757],[-100.333091,25.731701],[-100.332083,25.72851],[-100.331518,25.725231],[-100.331405,25.721914],[-100.331745,25.71861],[-100.332533,25.715369],[-100.333757,25.71224],[-100.335398,25.70927],[-100.337433,25.706504],[-100.339829,25.703984],[-100.342551,25.701748],[-100.345557,25.699831],[-100.348802,25.698262],[-100.352236,25.697063],[-100.355808,25.696254],[-100.359463,25.695846],[-100.363146,25.695846],[-100.366801,25.696254],[-100.370373,25.697063],[-100.373807,25.698262],[-100.377052,25.699831],[-100.380058,25.701748],[-100.38278,25.703984],[-100.385176,25.706504],[-100.38721,25.70927],[-100.388852,25.71224],[-100.390076,25.715369],[-100.390864,25.71861],[-100.391204,25.721914],[-100.391091,25.725231],[-100.390526,25.72851],[-100.389518,25.731701],[-100.388082,25.734757],[-100.386241,25.73763],[-100.384021,25.740278],[-100.381457,25.74266],[-100.378588,25.74474],[-100.375456,25.746487],[-100.37211,25.747874],[-100.368601,25.74888],[-100.36498,25.749489],[-100.361304,25.749694]]]}}",1930290413,Avocalia - Lincoln - Turbo,25.72274427,-100.3613044
"{""type"":""Feature"",""properties"":{""Store ID"":1930214659,""Store Name"":""Avocalia - Polanco - Turbo"",""STORE_LAT"":19.44435529,""STORE_LNG"":-99.19896239},""geometry"":{""type"":""Polygon"",""coordinates"":[[[-99.198962,19.471305],[-99.19545,19.4711],[-99.191991,19.470491],[-99.188638,19.469485],[-99.185442,19.468098],[-99.18245,19.466351],[-99.179709,19.464271],[-99.177259,19.461889],[-99.175138,19.459241],[-99.173379,19.456368],[-99.172008,19.453312],[-99.171045,19.450121],[-99.170505,19.446842],[-99.170396,19.443525],[-99.170721,19.440221],[-99.171474,19.43698],[-99.172643,19.433851],[-99.174212,19.430881],[-99.176155,19.428115],[-99.178445,19.425595],[-99.181045,19.423359],[-99.183917,19.421442],[-99.187017,19.419873],[-99.190298,19.418674],[-99.193711,19.417865],[-99.197203,19.417457],[-99.200722,19.417457],[-99.204214,19.417865],[-99.207626,19.418674],[-99.210907,19.419873],[-99.214008,19.421442],[-99.21688,19.423359],[-99.21948,19.425595],[-99.221769,19.428115],[-99.223713,19.430881],[-99.225281,19.433851],[-99.226451,19.43698],[-99.227204,19.440221],[-99.227528,19.443525],[-99.22742,19.446842],[-99.22688,19.450121],[-99.225917,19.453312],[-99.224546,19.456368],[-99.222786,19.459241],[-99.220666,19.461889],[-99.218216,19.464271],[-99.215475,19.466351],[-99.212483,19.468098],[-99.209286,19.469485],[-99.205933,19.470491],[-99.202474,19.4711],[-99.198962,19.471305]]]}}",1930214659,Avocalia - Polanco - Turbo,19.44435529,-99.19896239
"{""type"":""Feature"",""properties"":{""Store ID"":1930385549,""Store Name"":""Avocalia - Saltillo Centro - Turbo"",""STORE_LAT"":25.43077416,""STORE_LNG"":-101.0031449},""geometry"":{""type"":""Polygon"",""coordinates"":[[[-101.003145,25.457724],[-100.999478,25.457519],[-100.995866,25.45691],[-100.992365,25.455904],[-100.989027,25.454517],[-100.985904,25.45277],[-100.983041,25.45069],[-100.980484,25.448308],[-100.978269,25.44566],[-100.976432,25.442787],[-100.975,25.439731],[-100.973995,25.43654],[-100.973431,25.433261],[-100.973318,25.429944],[-100.973657,25.42664],[-100.974443,25.423399],[-100.975664,25.42027],[-100.977302,25.417299],[-100.979331,25.414533],[-100.981722,25.412014],[-100.984437,25.409778],[-100.987436,25.407861],[-100.990673,25.406292],[-100.994099,25.405093],[-100.997662,25.404284],[-101.001308,25.403876],[-101.004982,25.403876],[-101.008628,25.404284],[-101.012191,25.405093],[-101.015617,25.406292],[-101.018854,25.407861],[-101.021853,25.409778],[-101.024568,25.412014],[-101.026958,25.414533],[-101.028988,25.417299],[-101.030626,25.42027],[-101.031847,25.423399],[-101.032633,25.42664],[-101.032972,25.429944],[-101.032859,25.433261],[-101.032295,25.43654],[-101.031289,25.439731],[-101.029857,25.442787],[-101.02802,25.44566],[-101.025806,25.448308],[-101.023249,25.45069],[-101.020386,25.45277],[-101.017262,25.454517],[-101.013925,25.455904],[-101.010424,25.45691],[-101.006812,25.457519],[-101.003145,25.457724]]]}}",1930385549,Avocalia - Saltillo Centro - Turbo,25.43077416,-101.0031449
"{""type"":""Feature"",""properties"":{""Store ID"":1930214661,""Store Name"":""Avocalia - Santa Teresita - Turbo"",""STORE_LAT"":20.67707389,""STORE_LNG"":-103.376042},""geometry"":{""type"":""Polygon"",""coordinates"":[[[-103.376042,20.704023],[-103.372502,20.703819],[-103.369016,20.703209],[-103.365636,20.702204],[-103.362415,20.700817],[-103.359399,20.69907],[-103.356636,20.69699],[-103.354167,20.694608],[-103.35203,20.69196],[-103.350257,20.689086],[-103.348875,20.686031],[-103.347904,20.682839],[-103.34736,20.67956],[-103.347251,20.676244],[-103.347578,20.67294],[-103.348337,20.669699],[-103.349515,20.666569],[-103.351096,20.663599],[-103.353055,20.660833],[-103.355363,20.658313],[-103.357984,20.656078],[-103.360878,20.654161],[-103.364003,20.652591],[-103.36731,20.651393],[-103.370749,20.650583],[-103.374269,20.650176],[-103.377815,20.650176],[-103.381335,20.650583],[-103.384774,20.651393],[-103.388081,20.652591],[-103.391206,20.654161],[-103.3941,20.656078],[-103.396721,20.658313],[-103.399029,20.660833],[-103.400988,20.663599],[-103.402569,20.666569],[-103.403747,20.669699],[-103.404506,20.67294],[-103.404833,20.676244],[-103.404724,20.67956],[-103.40418,20.682839],[-103.403209,20.686031],[-103.401827,20.689086],[-103.400054,20.69196],[-103.397917,20.694608],[-103.395448,20.69699],[-103.392685,20.69907],[-103.389669,20.700817],[-103.386448,20.702204],[-103.383068,20.703209],[-103.379582,20.703819],[-103.376042,20.704023]]]}}",1930214661,Avocalia - Santa Teresita - Turbo,20.67707389,-103.376042
"{""type"":""Feature"",""properties"":{""Store ID"":1930290412,""Store Name"":""Avocalia - Tabachines - Turbo"",""STORE_LAT"":20.7284325,""STORE_LNG"":-103.3870918},""geometry"":{""type"":""Polygon"",""coordinates"":[[[-103.387092,20.755382],[-103.383551,20.755178],[-103.380064,20.754568],[-103.376683,20.753562],[-103.37346,20.752175],[-103.370443,20.750429],[-103.367679,20.748348],[-103.36521,20.745966],[-103.363072,20.743318],[-103.361298,20.740445],[-103.359915,20.737389],[-103.358944,20.734198],[-103.3584,20.730919],[-103.358291,20.727603],[-103.358618,20.724299],[-103.359377,20.721057],[-103.360556,20.717928],[-103.362138,20.714958],[-103.364097,20.712192],[-103.366405,20.709672],[-103.369027,20.707437],[-103.371923,20.70552],[-103.375048,20.70395],[-103.378357,20.702751],[-103.381797,20.701942],[-103.385318,20.701534],[-103.388866,20.701534],[-103.392386,20.701942],[-103.395827,20.702751],[-103.399135,20.70395],[-103.402261,20.70552],[-103.405156,20.707437],[-103.407778,20.709672],[-103.410086,20.712192],[-103.412046,20.714958],[-103.413627,20.717928],[-103.414806,20.721057],[-103.415565,20.724299],[-103.415893,20.727603],[-103.415784,20.730919],[-103.415239,20.734198],[-103.414268,20.737389],[-103.412886,20.740445],[-103.411112,20.743318],[-103.408974,20.745966],[-103.406504,20.748348],[-103.40374,20.750429],[-103.400724,20.752175],[-103.397501,20.753562],[-103.39412,20.754568],[-103.390633,20.755178],[-103.387092,20.755382]]]}}",1930290412,Avocalia - Tabachines - Turbo,20.7284325,-103.3870918
"{""type"":""Feature"",""properties"":{""Store ID"":1930343046,""Store Name"":""Avocalia Desayunos - Coapa - Turbo"",""STORE_LAT"":19.3053544,""STORE_LNG"":-99.1270867},""geometry"":{""type"":""Polygon"",""coordinates"":[[[-99.127087,19.332304],[-99.123578,19.3321],[-99.120122,19.33149],[-99.116771,19.330484],[-99.113577,19.329097],[-99.110588,19.32735],[-99.107849,19.32527],[-99.105402,19.322888],[-99.103283,19.32024],[-99.101525,19.317367],[-99.100155,19.314311],[-99.099193,19.31112],[-99.098653,19.307841],[-99.098545,19.304524],[-99.09887,19.301221],[-99.099622,19.297979],[-99.10079,19.29485],[-99.102357,19.29188],[-99.104299,19.289114],[-99.106587,19.286594],[-99.109185,19.284359],[-99.112054,19.282442],[-99.115152,19.280872],[-99.11843,19.279673],[-99.12184,19.278864],[-99.125329,19.278456],[-99.128845,19.278456],[-99.132334,19.278864],[-99.135743,19.279673],[-99.139022,19.280872],[-99.142119,19.282442],[-99.144989,19.284359],[-99.147587,19.286594],[-99.149874,19.289114],[-99.151816,19.29188],[-99.153383,19.29485],[-99.154552,19.297979],[-99.155304,19.301221],[-99.155628,19.304524],[-99.15552,19.307841],[-99.154981,19.31112],[-99.154019,19.314311],[-99.152648,19.317367],[-99.15089,19.32024],[-99.148772,19.322888],[-99.146324,19.32527],[-99.143585,19.32735],[-99.140596,19.329097],[-99.137402,19.330484],[-99.134052,19.33149],[-99.130596,19.3321],[-99.127087,19.332304]]]}}",1930343046,Avocalia Desayunos - Coapa - Turbo,19.3053544,-99.1270867
"{""type"":""Feature"",""properties"":{""Store ID"":1930381680,""Store Name"":""Avocalia Desayunos - Del Valle - Turbo"",""STORE_LAT"":19.37389548,""STORE_LNG"":-99.18910905},""geometry"":{""type"":""Polygon"",""coordinates"":[[[-99.189109,19.400845],[-99.185598,19.400641],[-99.182141,19.400031],[-99.178789,19.399025],[-99.175594,19.397638],[-99.172604,19.395892],[-99.169864,19.393811],[-99.167415,19.391429],[-99.165295,19.388781],[-99.163537,19.385908],[-99.162166,19.382852],[-99.161203,19.379661],[-99.160664,19.376382],[-99.160555,19.373066],[-99.16088,19.369762],[-99.161632,19.36652],[-99.162801,19.363391],[-99.164369,19.360421],[-99.166312,19.357655],[-99.1686,19.355135],[-99.1712,19.3529],[-99.17407,19.350983],[-99.177169,19.349413],[-99.180449,19.348214],[-99.18386,19.347405],[-99.18735,19.346997],[-99.190868,19.346997],[-99.194358,19.347405],[-99.197769,19.348214],[-99.201049,19.349413],[-99.204148,19.350983],[-99.207018,19.3529],[-99.209618,19.355135],[-99.211906,19.357655],[-99.213849,19.360421],[-99.215417,19.363391],[-99.216586,19.36652],[-99.217338,19.369762],[-99.217663,19.373066],[-99.217554,19.376382],[-99.217015,19.379661],[-99.216052,19.382852],[-99.214681,19.385908],[-99.212923,19.388781],[-99.210803,19.391429],[-99.208355,19.393811],[-99.205614,19.395892],[-99.202624,19.397638],[-99.199429,19.399025],[-99.196077,19.400031],[-99.19262,19.400641],[-99.189109,19.400845]]]}}",1930381680,Avocalia Desayunos - Del Valle - Turbo,19.37389548,-99.18910905
"{""type"":""Feature"",""properties"":{""Store ID"":1930304539,""Store Name"":""Avocalia Desayunos - San Ángel - Turbo"",""STORE_LAT"":19.3472217,""STORE_LNG"":-99.1904483},""geometry"":{""type"":""Polygon"",""coordinates"":[[[-99.190448,19.374171],[-99.186938,19.373967],[-99.183482,19.373357],[-99.18013,19.372351],[-99.176936,19.370965],[-99.173946,19.369218],[-99.171206,19.367138],[-99.168758,19.364756],[-99.166639,19.362108],[-99.16488,19.359234],[-99.16351,19.356178],[-99.162547,19.352987],[-99.162008,19.349708],[-99.161899,19.346392],[-99.162224,19.343088],[-99.162976,19.339847],[-99.164145,19.336717],[-99.165713,19.333747],[-99.167655,19.330981],[-99.169943,19.328461],[-99.172542,19.326226],[-99.175412,19.324309],[-99.17851,19.322739],[-99.18179,19.32154],[-99.1852,19.320731],[-99.18869,19.320323],[-99.192207,19.320323],[-99.195697,19.320731],[-99.199107,19.32154],[-99.202386,19.322739],[-99.205484,19.324309],[-99.208355,19.326226],[-99.210954,19.328461],[-99.213242,19.330981],[-99.215184,19.333747],[-99.216752,19.336717],[-99.21792,19.339847],[-99.218673,19.343088],[-99.218997,19.346392],[-99.218889,19.349708],[-99.218349,19.352987],[-99.217387,19.356178],[-99.216016,19.359234],[-99.214258,19.362108],[-99.212139,19.364756],[-99.209691,19.367138],[-99.206951,19.369218],[-99.203961,19.370965],[-99.200766,19.372351],[-99.197415,19.373357],[-99.193958,19.373967],[-99.190448,19.374171]]]}}",1930304539,Avocalia Desayunos - San Ángel - Turbo,19.3472217,-99.1904483
"{""type"":""Feature"",""properties"":{""Store ID"":1930328711,""Store Name"":""Avocalia Desayunos - Montejo - Turbo"",""STORE_LAT"":21.01006907,""STORE_LNG"":-89.62338937},""geometry"":{""type"":""Polygon"",""coordinates"":[[[-89.623389,21.037019],[-89.619842,21.036814],[-89.616348,21.036205],[-89.612961,21.035199],[-89.609732,21.033812],[-89.60671,21.032065],[-89.603941,21.029985],[-89.601466,21.027603],[-89.599324,21.024955],[-89.597547,21.022081],[-89.596162,21.019026],[-89.595189,21.015834],[-89.594644,21.012556],[-89.594534,21.009239],[-89.594862,21.005935],[-89.595623,21.002694],[-89.596804,20.999565],[-89.598388,20.996594],[-89.600352,20.993828],[-89.602664,20.991309],[-89.605291,20.989073],[-89.608192,20.987156],[-89.611323,20.985586],[-89.614638,20.984388],[-89.618085,20.983578],[-89.621612,20.983171],[-89.625167,20.983171],[-89.628694,20.983578],[-89.632141,20.984388],[-89.635455,20.985586],[-89.638587,20.987156],[-89.641488,20.989073],[-89.644115,20.991309],[-89.646427,20.993828],[-89.64839,20.996594],[-89.649975,20.999565],[-89.651156,21.002694],[-89.651916,21.005935],[-89.652244,21.009239],[-89.652135,21.012556],[-89.65159,21.015834],[-89.650617,21.019026],[-89.649232,21.022081],[-89.647454,21.024955],[-89.645312,21.027603],[-89.642838,21.029985],[-89.640069,21.032065],[-89.637047,21.033812],[-89.633818,21.035199],[-89.630431,21.036205],[-89.626937,21.036814],[-89.623389,21.037019]]]}}",1930328711,Avocalia Desayunos - Montejo - Turbo,21.01006907,-89.62338937
"{""type"":""Feature"",""properties"":{""Store ID"":1930323506,""Store Name"":""Avocalia Desayunos - Lincoln - Turbo"",""STORE_LAT"":25.722911,""STORE_LNG"":-100.3612105},""geometry"":{""type"":""Polygon"",""coordinates"":[[[-100.36121,25.74986],[-100.357534,25.749656],[-100.353914,25.749047],[-100.350404,25.748041],[-100.347058,25.746654],[-100.343927,25.744907],[-100.341058,25.742827],[-100.338494,25.740445],[-100.336274,25.737797],[-100.334433,25.734923],[-100.332997,25.731868],[-100.331989,25.728676],[-100.331424,25.725398],[-100.331311,25.722081],[-100.331651,25.718777],[-100.332439,25.715536],[-100.333663,25.712406],[-100.335304,25.709436],[-100.337339,25.70667],[-100.339735,25.704151],[-100.342457,25.701915],[-100.345463,25.699998],[-100.348708,25.698428],[-100.352142,25.69723],[-100.355714,25.69642],[-100.359369,25.696013],[-100.363052,25.696013],[-100.366707,25.69642],[-100.370279,25.69723],[-100.373713,25.698428],[-100.376958,25.699998],[-100.379964,25.701915],[-100.382686,25.704151],[-100.385082,25.70667],[-100.387117,25.709436],[-100.388758,25.712406],[-100.389982,25.715536],[-100.39077,25.718777],[-100.39111,25.722081],[-100.390997,25.725398],[-100.390432,25.728676],[-100.389424,25.731868],[-100.387988,25.734923],[-100.386147,25.737797],[-100.383927,25.740445],[-100.381363,25.742827],[-100.378494,25.744907],[-100.375363,25.746654],[-100.372017,25.748041],[-100.368507,25.749047],[-100.364887,25.749656],[-100.36121,25.74986]]]}}",1930323506,Avocalia Desayunos - Lincoln - Turbo,25.722911,-100.3612105
"{""type"":""Feature"",""properties"":{""Store ID"":1930298381,""Store Name"":""Avocalia Desayunos - Polanco - Turbo"",""STORE_LAT"":19.4443812,""STORE_LNG"":-99.1989995},""geometry"":{""type"":""Polygon"",""coordinates"":[[[-99.198999,19.471331],[-99.195487,19.471126],[-99.192029,19.470517],[-99.188675,19.469511],[-99.185479,19.468124],[-99.182487,19.466377],[-99.179746,19.464297],[-99.177296,19.461915],[-99.175176,19.459267],[-99.173416,19.456394],[-99.172045,19.453338],[-99.171082,19.450147],[-99.170542,19.446868],[-99.170434,19.443551],[-99.170758,19.440247],[-99.171511,19.437006],[-99.17268,19.433877],[-99.174249,19.430906],[-99.176193,19.428141],[-99.178482,19.425621],[-99.181082,19.423385],[-99.183954,19.421468],[-99.187054,19.419899],[-99.190336,19.4187],[-99.193748,19.417891],[-99.19724,19.417483],[-99.200759,19.417483],[-99.204251,19.417891],[-99.207663,19.4187],[-99.210945,19.419899],[-99.214045,19.421468],[-99.216917,19.423385],[-99.219517,19.425621],[-99.221806,19.428141],[-99.22375,19.430906],[-99.225319,19.433877],[-99.226488,19.437006],[-99.227241,19.440247],[-99.227565,19.443551],[-99.227457,19.446868],[-99.226917,19.450147],[-99.225954,19.453338],[-99.224583,19.456394],[-99.222823,19.459267],[-99.220703,19.461915],[-99.218253,19.464297],[-99.215512,19.466377],[-99.21252,19.468124],[-99.209324,19.469511],[-99.20597,19.470517],[-99.202512,19.471126],[-99.198999,19.471331]]]}}",1930298381,Avocalia Desayunos - Polanco - Turbo,19.4443812,-99.1989995
"{""type"":""Feature"",""properties"":{""Store ID"":1930386703,""Store Name"":""Avocalia Desayunos - Saltillo Centro"",""STORE_LAT"":25.4307554,""STORE_LNG"":-101.0032892},""geometry"":{""type"":""Polygon"",""coordinates"":[[[-101.003289,25.457705],[-100.999622,25.457501],[-100.996011,25.456891],[-100.992509,25.455885],[-100.989172,25.454498],[-100.986048,25.452751],[-100.983186,25.450671],[-100.980628,25.448289],[-100.978414,25.445641],[-100.976577,25.442768],[-100.975145,25.439712],[-100.974139,25.436521],[-100.973576,25.433242],[-100.973462,25.429925],[-100.973801,25.426622],[-100.974587,25.42338],[-100.975809,25.420251],[-100.977446,25.417281],[-100.979476,25.414515],[-100.981866,25.411995],[-100.984581,25.40976],[-100.98758,25.407843],[-100.990817,25.406273],[-100.994243,25.405074],[-100.997806,25.404265],[-101.001452,25.403857],[-101.005126,25.403857],[-101.008772,25.404265],[-101.012336,25.405074],[-101.015762,25.406273],[-101.018998,25.407843],[-101.021997,25.40976],[-101.024712,25.411995],[-101.027103,25.414515],[-101.029132,25.417281],[-101.03077,25.420251],[-101.031991,25.42338],[-101.032777,25.426622],[-101.033116,25.429925],[-101.033003,25.433242],[-101.032439,25.436521],[-101.031434,25.439712],[-101.030002,25.442768],[-101.028165,25.445641],[-101.025951,25.448289],[-101.023393,25.450671],[-101.02053,25.452751],[-101.017407,25.454498],[-101.014069,25.455885],[-101.010568,25.456891],[-101.006956,25.457501],[-101.003289,25.457705]]]}}",1930386703,Avocalia Desayunos - Saltillo Centro,25.4307554,-101.0032892
"{""type"":""Feature"",""properties"":{""Store ID"":1930324836,""Store Name"":""Avocalia Desayunos - Santa Teresita - Turbo"",""STORE_LAT"":20.67711226,""STORE_LNG"":-103.3760212},""geometry"":{""type"":""Polygon"",""coordinates"":[[[-103.376021,20.704062],[-103.372481,20.703857],[-103.368995,20.703248],[-103.365616,20.702242],[-103.362394,20.700855],[-103.359378,20.699108],[-103.356615,20.697028],[-103.354147,20.694646],[-103.352009,20.691998],[-103.350236,20.689125],[-103.348854,20.686069],[-103.347883,20.682878],[-103.347339,20.679599],[-103.34723,20.676282],[-103.347557,20.672978],[-103.348316,20.669737],[-103.349495,20.666608],[-103.351075,20.663638],[-103.353034,20.660872],[-103.355342,20.658352],[-103.357963,20.656116],[-103.360857,20.654199],[-103.363982,20.65263],[-103.367289,20.651431],[-103.370728,20.650622],[-103.374248,20.650214],[-103.377794,20.650214],[-103.381314,20.650622],[-103.384753,20.651431],[-103.388061,20.65263],[-103.391185,20.654199],[-103.39408,20.656116],[-103.396701,20.658352],[-103.399008,20.660872],[-103.400967,20.663638],[-103.402548,20.666608],[-103.403727,20.669737],[-103.404485,20.672978],[-103.404812,20.676282],[-103.404703,20.679599],[-103.404159,20.682878],[-103.403189,20.686069],[-103.401806,20.689125],[-103.400033,20.691998],[-103.397896,20.694646],[-103.395427,20.697028],[-103.392664,20.699108],[-103.389649,20.700855],[-103.386427,20.702242],[-103.383047,20.703248],[-103.379561,20.703857],[-103.376021,20.704062]]]}}",1930324836,Avocalia Desayunos - Santa Teresita - Turbo,20.67711226,-103.3760212
"{""type"":""Feature"",""properties"":{""Store ID"":1930304540,""Store Name"":""Avocalia Desayunos - Tabachines - Turbo"",""STORE_LAT"":20.7284291,""STORE_LNG"":-103.3870886},""geometry"":{""type"":""Polygon"",""coordinates"":[[[-103.387089,20.755379],[-103.383548,20.755174],[-103.38006,20.754565],[-103.37668,20.753559],[-103.373457,20.752172],[-103.37044,20.750425],[-103.367676,20.748345],[-103.365207,20.745963],[-103.363069,20.743315],[-103.361295,20.740442],[-103.359912,20.737386],[-103.358941,20.734194],[-103.358397,20.730916],[-103.358288,20.727599],[-103.358615,20.724295],[-103.359374,20.721054],[-103.360553,20.717925],[-103.362134,20.714954],[-103.364094,20.712188],[-103.366402,20.709669],[-103.369024,20.707433],[-103.37192,20.705516],[-103.375045,20.703946],[-103.378353,20.702748],[-103.381794,20.701939],[-103.385315,20.701531],[-103.388862,20.701531],[-103.392383,20.701939],[-103.395824,20.702748],[-103.399132,20.703946],[-103.402258,20.705516],[-103.405153,20.707433],[-103.407775,20.709669],[-103.410083,20.712188],[-103.412043,20.714954],[-103.413624,20.717925],[-103.414803,20.721054],[-103.415562,20.724295],[-103.41589,20.727599],[-103.41578,20.730916],[-103.415236,20.734194],[-103.414265,20.737386],[-103.412882,20.740442],[-103.411109,20.743315],[-103.408971,20.745963],[-103.406501,20.748345],[-103.403737,20.750425],[-103.400721,20.752172],[-103.397498,20.753559],[-103.394117,20.754565],[-103.39063,20.755174],[-103.387089,20.755379]]]}}",1930304540,Avocalia Desayunos - Tabachines - Turbo,20.7284291,-103.3870886
"{""type"":""Feature"",""properties"":{""Store ID"":1930322214,""Store Name"":""Brunch & Munch - Ciudad Judicial - Turbo"",""STORE_LAT"":19.01442644,""STORE_LNG"":-98.26961377},""geometry"":{""type"":""Polygon"",""coordinates"":[[[-98.269614,19.041376],[-98.266111,19.041172],[-98.262661,19.040562],[-98.259317,19.039556],[-98.256128,19.038169],[-98.253144,19.036423],[-98.25041,19.034342],[-98.247967,19.03196],[-98.245852,19.029312],[-98.244097,19.026439],[-98.242729,19.023383],[-98.241769,19.020192],[-98.241231,19.016913],[-98.241123,19.013597],[-98.241446,19.010293],[-98.242197,19.007051],[-98.243364,19.003922],[-98.244928,19.000952],[-98.246866,18.998186],[-98.24915,18.995666],[-98.251743,18.993431],[-98.254608,18.991514],[-98.2577,18.989944],[-98.260972,18.988745],[-98.264376,18.987936],[-98.267859,18.987528],[-98.271369,18.987528],[-98.274852,18.987936],[-98.278255,18.988745],[-98.281528,18.989944],[-98.28462,18.991514],[-98.287484,18.993431],[-98.290078,18.995666],[-98.292361,18.998186],[-98.2943,19.000952],[-98.295864,19.003922],[-98.29703,19.007051],[-98.297781,19.010293],[-98.298105,19.013597],[-98.297997,19.016913],[-98.297459,19.020192],[-98.296498,19.023383],[-98.29513,19.026439],[-98.293375,19.029312],[-98.29126,19.03196],[-98.288817,19.034342],[-98.286083,19.036423],[-98.283099,19.038169],[-98.279911,19.039556],[-98.276566,19.040562],[-98.273117,19.041172],[-98.269614,19.041376]]]}}",1930322214,Brunch & Munch - Ciudad Judicial - Turbo,19.01442644,-98.26961377
"{""type"":""Feature"",""properties"":{""Store ID"":1930322210,""Store Name"":""Brunch & Munch - Lindavista - Turbo"",""STORE_LAT"":19.49147373,""STORE_LNG"":-99.15308326},""geometry"":{""type"":""Polygon"",""coordinates"":[[[-99.153083,19.518423],[-99.14957,19.518219],[-99.14611,19.517609],[-99.142756,19.516603],[-99.139559,19.515217],[-99.136566,19.51347],[-99.133824,19.51139],[-99.131374,19.509008],[-99.129252,19.50636],[-99.127493,19.503486],[-99.126121,19.500431],[-99.125157,19.497239],[-99.124617,19.49396],[-99.124509,19.490644],[-99.124834,19.48734],[-99.125587,19.484099],[-99.126757,19.480969],[-99.128326,19.477999],[-99.13027,19.475233],[-99.13256,19.472713],[-99.135161,19.470478],[-99.138034,19.468561],[-99.141135,19.466991],[-99.144417,19.465792],[-99.14783,19.464983],[-99.151323,19.464575],[-99.154843,19.464575],[-99.158336,19.464983],[-99.16175,19.465792],[-99.165032,19.466991],[-99.168133,19.468561],[-99.171006,19.470478],[-99.173607,19.472713],[-99.175897,19.475233],[-99.177841,19.477999],[-99.17941,19.480969],[-99.18058,19.484099],[-99.181333,19.48734],[-99.181657,19.490644],[-99.181549,19.49396],[-99.181009,19.497239],[-99.180046,19.500431],[-99.178674,19.503486],[-99.176914,19.50636],[-99.174793,19.509008],[-99.172343,19.51139],[-99.169601,19.51347],[-99.166608,19.515217],[-99.16341,19.516603],[-99.160056,19.517609],[-99.156596,19.518219],[-99.153083,19.518423]]]}}",1930322210,Brunch & Munch - Lindavista - Turbo,19.49147373,-99.15308326
"{""type"":""Feature"",""properties"":{""Store ID"":1930212481,""Store Name"":""Brunch & Munch - Coapa - Turbo"",""STORE_LAT"":19.30491129,""STORE_LNG"":-99.12674162},""geometry"":{""type"":""Polygon"",""coordinates"":[[[-99.126742,19.331861],[-99.123233,19.331656],[-99.119777,19.331047],[-99.116426,19.330041],[-99.113232,19.328654],[-99.110243,19.326907],[-99.107504,19.324827],[-99.105057,19.322445],[-99.102938,19.319797],[-99.10118,19.316924],[-99.09981,19.313868],[-99.098848,19.310677],[-99.098308,19.307398],[-99.0982,19.304081],[-99.098525,19.300777],[-99.099277,19.297536],[-99.100445,19.294407],[-99.102012,19.291437],[-99.103954,19.288671],[-99.106242,19.286151],[-99.10884,19.283915],[-99.111709,19.281998],[-99.114807,19.280429],[-99.118085,19.27923],[-99.121495,19.278421],[-99.124984,19.278013],[-99.128499,19.278013],[-99.131989,19.278421],[-99.135398,19.27923],[-99.138676,19.280429],[-99.141774,19.281998],[-99.144643,19.283915],[-99.147242,19.286151],[-99.149529,19.288671],[-99.151471,19.291437],[-99.153038,19.294407],[-99.154207,19.297536],[-99.154959,19.300777],[-99.155283,19.304081],[-99.155175,19.307398],[-99.154636,19.310677],[-99.153673,19.313868],[-99.152303,19.316924],[-99.150545,19.319797],[-99.148426,19.322445],[-99.145979,19.324827],[-99.14324,19.326907],[-99.140251,19.328654],[-99.137057,19.330041],[-99.133707,19.331047],[-99.130251,19.331656],[-99.126742,19.331861]]]}}",1930212481,Brunch & Munch - Coapa - Turbo,19.30491129,-99.12674162
"{""type"":""Feature"",""properties"":{""Store ID"":1930295129,""Store Name"":""Brunch & Munch - Tec de Monterrey - Turbo"",""STORE_LAT"":25.6559117,""STORE_LNG"":-100.2920663},""geometry"":{""type"":""Polygon"",""coordinates"":[[[-100.292066,25.682861],[-100.288392,25.682657],[-100.284774,25.682047],[-100.281266,25.681041],[-100.277922,25.679655],[-100.274793,25.677908],[-100.271925,25.675828],[-100.269362,25.673446],[-100.267144,25.670798],[-100.265304,25.667924],[-100.263869,25.664868],[-100.262861,25.661677],[-100.262297,25.658398],[-100.262183,25.655082],[-100.262523,25.651778],[-100.263311,25.648537],[-100.264534,25.645407],[-100.266175,25.642437],[-100.268208,25.639671],[-100.270603,25.637151],[-100.273323,25.634916],[-100.276328,25.632999],[-100.279571,25.631429],[-100.283003,25.63023],[-100.286573,25.629421],[-100.290226,25.629013],[-100.293907,25.629013],[-100.29756,25.629421],[-100.30113,25.63023],[-100.304562,25.631429],[-100.307805,25.632999],[-100.310809,25.634916],[-100.31353,25.637151],[-100.315925,25.639671],[-100.317958,25.642437],[-100.319599,25.645407],[-100.320822,25.648537],[-100.321609,25.651778],[-100.321949,25.655082],[-100.321836,25.658398],[-100.321271,25.661677],[-100.320264,25.664868],[-100.318829,25.667924],[-100.316989,25.670798],[-100.31477,25.673446],[-100.312208,25.675828],[-100.30934,25.677908],[-100.30621,25.679655],[-100.302866,25.681041],[-100.299359,25.682047],[-100.29574,25.682657],[-100.292066,25.682861]]]}}",1930295129,Brunch & Munch - Tec de Monterrey - Turbo,25.6559117,-100.2920663
"{""type"":""Feature"",""properties"":{""Store ID"":1930175110,""Store Name"":""Brunch & Munch - Doctores - Turbo"",""STORE_LAT"":19.42018132,""STORE_LNG"":-99.14621753},""geometry"":{""type"":""Polygon"",""coordinates"":[[[-99.146218,19.447131],[-99.142706,19.446927],[-99.139248,19.446317],[-99.135895,19.445311],[-99.132699,19.443924],[-99.129708,19.442177],[-99.126967,19.440097],[-99.124517,19.437715],[-99.122397,19.435067],[-99.120638,19.432194],[-99.119267,19.429138],[-99.118304,19.425947],[-99.117764,19.422668],[-99.117656,19.419351],[-99.11798,19.416047],[-99.118733,19.412806],[-99.119902,19.409677],[-99.121471,19.406707],[-99.123414,19.403941],[-99.125703,19.401421],[-99.128303,19.399186],[-99.131175,19.397268],[-99.134274,19.395699],[-99.137555,19.3945],[-99.140967,19.393691],[-99.144458,19.393283],[-99.147977,19.393283],[-99.151468,19.393691],[-99.15488,19.3945],[-99.158161,19.395699],[-99.16126,19.397268],[-99.164132,19.399186],[-99.166732,19.401421],[-99.169021,19.403941],[-99.170964,19.406707],[-99.172533,19.409677],[-99.173702,19.412806],[-99.174455,19.416047],[-99.174779,19.419351],[-99.174671,19.422668],[-99.174131,19.425947],[-99.173168,19.429138],[-99.171797,19.432194],[-99.170038,19.435067],[-99.167918,19.437715],[-99.165469,19.440097],[-99.162728,19.442177],[-99.159736,19.443924],[-99.15654,19.445311],[-99.153187,19.446317],[-99.149729,19.446927],[-99.146218,19.447131]]]}}",1930175110,Brunch & Munch - Doctores - Turbo,19.42018132,-99.14621753
"{""type"":""Feature"",""properties"":{""Store ID"":1930322215,""Store Name"":""Brunch & Munch - El Prado - Turbo"",""STORE_LAT"":19.35907651,""STORE_LNG"":-99.13640983},""geometry"":{""type"":""Polygon"",""coordinates"":[[[-99.13641,19.386026],[-99.1329,19.385822],[-99.129443,19.385212],[-99.126091,19.384206],[-99.122896,19.382819],[-99.119906,19.381073],[-99.117166,19.378992],[-99.114718,19.37661],[-99.112598,19.373962],[-99.11084,19.371089],[-99.109469,19.368033],[-99.108507,19.364842],[-99.107967,19.361563],[-99.107859,19.358247],[-99.108183,19.354943],[-99.108936,19.351701],[-99.110105,19.348572],[-99.111672,19.345602],[-99.113615,19.342836],[-99.115903,19.340316],[-99.118502,19.338081],[-99.121373,19.336164],[-99.124471,19.334594],[-99.12775,19.333395],[-99.131161,19.332586],[-99.134651,19.332178],[-99.138168,19.332178],[-99.141659,19.332586],[-99.145069,19.333395],[-99.148349,19.334594],[-99.151447,19.336164],[-99.154318,19.338081],[-99.156917,19.340316],[-99.159205,19.342836],[-99.161147,19.345602],[-99.162715,19.348572],[-99.163884,19.351701],[-99.164636,19.354943],[-99.164961,19.358247],[-99.164852,19.361563],[-99.164313,19.364842],[-99.163351,19.368033],[-99.16198,19.371089],[-99.160221,19.373962],[-99.158102,19.37661],[-99.155654,19.378992],[-99.152914,19.381073],[-99.149924,19.382819],[-99.146729,19.384206],[-99.143377,19.385212],[-99.13992,19.385822],[-99.13641,19.386026]]]}}",1930322215,Brunch & Munch - El Prado - Turbo,19.35907651,-99.13640983
"{""type"":""Feature"",""properties"":{""Store ID"":1930278035,""Store Name"":""Brunch & Munch - Del Valle - Turbo"",""STORE_LAT"":19.3738534,""STORE_LNG"":-99.188999},""geometry"":{""type"":""Polygon"",""coordinates"":[[[-99.188999,19.400803],[-99.185488,19.400599],[-99.182031,19.399989],[-99.178679,19.398983],[-99.175484,19.397596],[-99.172494,19.395849],[-99.169753,19.393769],[-99.167305,19.391387],[-99.165185,19.388739],[-99.163427,19.385866],[-99.162056,19.38281],[-99.161093,19.379619],[-99.160554,19.37634],[-99.160445,19.373023],[-99.16077,19.36972],[-99.161522,19.366478],[-99.162691,19.363349],[-99.164259,19.360379],[-99.166202,19.357613],[-99.16849,19.355093],[-99.17109,19.352858],[-99.17396,19.350941],[-99.177059,19.349371],[-99.180339,19.348172],[-99.18375,19.347363],[-99.18724,19.346955],[-99.190758,19.346955],[-99.194248,19.347363],[-99.197659,19.348172],[-99.200939,19.349371],[-99.204038,19.350941],[-99.206908,19.352858],[-99.209508,19.355093],[-99.211796,19.357613],[-99.213739,19.360379],[-99.215307,19.363349],[-99.216476,19.366478],[-99.217228,19.36972],[-99.217553,19.373023],[-99.217444,19.37634],[-99.216905,19.379619],[-99.215942,19.38281],[-99.214571,19.385866],[-99.212813,19.388739],[-99.210693,19.391387],[-99.208245,19.393769],[-99.205504,19.395849],[-99.202514,19.397596],[-99.199319,19.398983],[-99.195967,19.399989],[-99.19251,19.400599],[-99.188999,19.400803]]]}}",1930278035,Brunch & Munch - Del Valle - Turbo,19.3738534,-99.188999
"{""type"":""Feature"",""properties"":{""Store ID"":1930290420,""Store Name"":""Brunch & Munch - San Angel - Turbo"",""STORE_LAT"":19.3472217,""STORE_LNG"":-99.1904483},""geometry"":{""type"":""Polygon"",""coordinates"":[[[-99.190448,19.374171],[-99.186938,19.373967],[-99.183482,19.373357],[-99.18013,19.372351],[-99.176936,19.370965],[-99.173946,19.369218],[-99.171206,19.367138],[-99.168758,19.364756],[-99.166639,19.362108],[-99.16488,19.359234],[-99.16351,19.356178],[-99.162547,19.352987],[-99.162008,19.349708],[-99.161899,19.346392],[-99.162224,19.343088],[-99.162976,19.339847],[-99.164145,19.336717],[-99.165713,19.333747],[-99.167655,19.330981],[-99.169943,19.328461],[-99.172542,19.326226],[-99.175412,19.324309],[-99.17851,19.322739],[-99.18179,19.32154],[-99.1852,19.320731],[-99.18869,19.320323],[-99.192207,19.320323],[-99.195697,19.320731],[-99.199107,19.32154],[-99.202386,19.322739],[-99.205484,19.324309],[-99.208355,19.326226],[-99.210954,19.328461],[-99.213242,19.330981],[-99.215184,19.333747],[-99.216752,19.336717],[-99.21792,19.339847],[-99.218673,19.343088],[-99.218997,19.346392],[-99.218889,19.349708],[-99.218349,19.352987],[-99.217387,19.356178],[-99.216016,19.359234],[-99.214258,19.362108],[-99.212139,19.364756],[-99.209691,19.367138],[-99.206951,19.369218],[-99.203961,19.370965],[-99.200766,19.372351],[-99.197415,19.373357],[-99.193958,19.373967],[-99.190448,19.374171]]]}}",1930290420,Brunch & Munch - San Angel - Turbo,19.3472217,-99.1904483
"{""type"":""Feature"",""properties"":{""Store ID"":1930291997,""Store Name"":""Brunch & Munch - Jardines Guadalajara - Turbo"",""STORE_LAT"":20.68719153,""STORE_LNG"":-103.4241934},""geometry"":{""type"":""Polygon"",""coordinates"":[[[-103.424193,20.714141],[-103.420653,20.713937],[-103.417167,20.713327],[-103.413787,20.712321],[-103.410565,20.710934],[-103.40755,20.709188],[-103.404786,20.707107],[-103.402317,20.704725],[-103.40018,20.702077],[-103.398407,20.699204],[-103.397024,20.696148],[-103.396053,20.692957],[-103.395509,20.689678],[-103.3954,20.686362],[-103.395727,20.683058],[-103.396486,20.679816],[-103.397665,20.676687],[-103.399246,20.673717],[-103.401205,20.670951],[-103.403513,20.668431],[-103.406134,20.666196],[-103.409029,20.664279],[-103.412153,20.662709],[-103.415461,20.66151],[-103.4189,20.660701],[-103.42242,20.660293],[-103.425967,20.660293],[-103.429487,20.660701],[-103.432926,20.66151],[-103.436234,20.662709],[-103.439358,20.664279],[-103.442253,20.666196],[-103.444874,20.668431],[-103.447182,20.670951],[-103.449141,20.673717],[-103.450722,20.676687],[-103.451901,20.679816],[-103.452659,20.683058],[-103.452987,20.686362],[-103.452877,20.689678],[-103.452333,20.692957],[-103.451363,20.696148],[-103.44998,20.699204],[-103.448207,20.702077],[-103.446069,20.704725],[-103.4436,20.707107],[-103.440837,20.709188],[-103.437822,20.710934],[-103.4346,20.712321],[-103.43122,20.713327],[-103.427733,20.713937],[-103.424193,20.714141]]]}}",1930291997,Brunch & Munch - Jardines Guadalajara - Turbo,20.68719153,-103.4241934
"{""type"":""Feature"",""properties"":{""Store ID"":1930322209,""Store Name"":""Brunch And Munch - la Calma - Turbo"",""STORE_LAT"":20.640052,""STORE_LNG"":-103.4200824},""geometry"":{""type"":""Polygon"",""coordinates"":[[[-103.420082,20.667001],[-103.416543,20.666797],[-103.413058,20.666188],[-103.409679,20.665182],[-103.406458,20.663795],[-103.403444,20.662048],[-103.400681,20.659968],[-103.398213,20.657586],[-103.396076,20.654938],[-103.394304,20.652064],[-103.392922,20.649009],[-103.391951,20.645817],[-103.391407,20.642539],[-103.391298,20.639222],[-103.391625,20.635918],[-103.392384,20.632677],[-103.393562,20.629547],[-103.395143,20.626577],[-103.397101,20.623811],[-103.399408,20.621292],[-103.402028,20.619056],[-103.404922,20.617139],[-103.408046,20.615569],[-103.411352,20.614371],[-103.414791,20.613561],[-103.41831,20.613154],[-103.421855,20.613154],[-103.425374,20.613561],[-103.428813,20.614371],[-103.432119,20.615569],[-103.435243,20.617139],[-103.438136,20.619056],[-103.440757,20.621292],[-103.443064,20.623811],[-103.445022,20.626577],[-103.446603,20.629547],[-103.447781,20.632677],[-103.448539,20.635918],[-103.448867,20.639222],[-103.448757,20.642539],[-103.448214,20.645817],[-103.447243,20.649009],[-103.445861,20.652064],[-103.444088,20.654938],[-103.441952,20.657586],[-103.439483,20.659968],[-103.436721,20.662048],[-103.433707,20.663795],[-103.430485,20.665182],[-103.427107,20.666188],[-103.423621,20.666797],[-103.420082,20.667001]]]}}",1930322209,Brunch And Munch - la Calma - Turbo,20.640052,-103.4200824
"{""type"":""Feature"",""properties"":{""Store ID"":1930249226,""Store Name"":""Brunch & Munch - Montejo - Turbo"",""STORE_LAT"":21.01007018,""STORE_LNG"":-89.62340208},""geometry"":{""type"":""Polygon"",""coordinates"":[[[-89.623402,21.03702],[-89.619854,21.036815],[-89.616361,21.036206],[-89.612973,21.0352],[-89.609744,21.033813],[-89.606722,21.032066],[-89.603953,21.029986],[-89.601479,21.027604],[-89.599337,21.024956],[-89.59756,21.022083],[-89.596174,21.019027],[-89.595202,21.015836],[-89.594657,21.012557],[-89.594547,21.00924],[-89.594875,21.005936],[-89.595635,21.002695],[-89.596817,20.999566],[-89.598401,20.996595],[-89.600364,20.99383],[-89.602677,20.99131],[-89.605304,20.989074],[-89.608205,20.987157],[-89.611336,20.985588],[-89.61465,20.984389],[-89.618097,20.98358],[-89.621625,20.983172],[-89.625179,20.983172],[-89.628707,20.98358],[-89.632154,20.984389],[-89.635468,20.985588],[-89.6386,20.987157],[-89.641501,20.989074],[-89.644127,20.99131],[-89.64644,20.99383],[-89.648403,20.996595],[-89.649987,20.999566],[-89.651169,21.002695],[-89.651929,21.005936],[-89.652257,21.00924],[-89.652148,21.012557],[-89.651602,21.015836],[-89.65063,21.019027],[-89.649244,21.022083],[-89.647467,21.024956],[-89.645325,21.027604],[-89.642851,21.029986],[-89.640082,21.032066],[-89.63706,21.033813],[-89.633831,21.0352],[-89.630444,21.036206],[-89.62695,21.036815],[-89.623402,21.03702]]]}}",1930249226,Brunch & Munch - Montejo - Turbo,21.01007018,-89.62340208
"{""type"":""Feature"",""properties"":{""Store ID"":1930242990,""Store Name"":""Brunch & Munch - San Jerónimo Monterrey - Turbo"",""STORE_LAT"":25.6754976,""STORE_LNG"":-100.3533863},""geometry"":{""type"":""Polygon"",""coordinates"":[[[-100.353386,25.702447],[-100.349712,25.702243],[-100.346093,25.701633],[-100.342584,25.700627],[-100.33924,25.69924],[-100.33611,25.697494],[-100.333242,25.695413],[-100.330679,25.693031],[-100.32846,25.690384],[-100.326619,25.68751],[-100.325184,25.684454],[-100.324177,25.681263],[-100.323612,25.677984],[-100.323499,25.674668],[-100.323838,25.671364],[-100.324626,25.668123],[-100.325849,25.664993],[-100.32749,25.662023],[-100.329524,25.659257],[-100.331919,25.656737],[-100.33464,25.654502],[-100.337645,25.652585],[-100.340888,25.651015],[-100.344321,25.649816],[-100.347892,25.649007],[-100.351546,25.648599],[-100.355227,25.648599],[-100.358881,25.649007],[-100.362451,25.649816],[-100.365884,25.651015],[-100.369128,25.652585],[-100.372133,25.654502],[-100.374853,25.656737],[-100.377249,25.659257],[-100.379282,25.662023],[-100.380923,25.664993],[-100.382147,25.668123],[-100.382934,25.671364],[-100.383274,25.674668],[-100.383161,25.677984],[-100.382596,25.681263],[-100.381588,25.684454],[-100.380153,25.68751],[-100.378313,25.690384],[-100.376094,25.693031],[-100.373531,25.695413],[-100.370663,25.697494],[-100.367533,25.69924],[-100.364188,25.700627],[-100.36068,25.701633],[-100.357061,25.702243],[-100.353386,25.702447]]]}}",1930242990,Brunch & Munch - San Jerónimo Monterrey - Turbo,25.6754976,-100.3533863
"{""type"":""Feature"",""properties"":{""Store ID"":1930290421,""Store Name"":""Brunch & Munch - Lincoln - Turbo"",""STORE_LAT"":25.72273557,""STORE_LNG"":-100.3613157},""geometry"":{""type"":""Polygon"",""coordinates"":[[[-100.361316,25.749685],[-100.35764,25.749481],[-100.354019,25.748871],[-100.35051,25.747865],[-100.347164,25.746478],[-100.344032,25.744732],[-100.341163,25.742651],[-100.338599,25.740269],[-100.33638,25.737622],[-100.334538,25.734748],[-100.333102,25.731692],[-100.332094,25.728501],[-100.33153,25.725222],[-100.331416,25.721906],[-100.331756,25.718602],[-100.332544,25.715361],[-100.333768,25.712231],[-100.33541,25.709261],[-100.337444,25.706495],[-100.33984,25.703975],[-100.342562,25.70174],[-100.345568,25.699823],[-100.348813,25.698253],[-100.352247,25.697054],[-100.355819,25.696245],[-100.359474,25.695837],[-100.363157,25.695837],[-100.366812,25.696245],[-100.370384,25.697054],[-100.373818,25.698253],[-100.377063,25.699823],[-100.380069,25.70174],[-100.382791,25.703975],[-100.385187,25.706495],[-100.387222,25.709261],[-100.388863,25.712231],[-100.390088,25.715361],[-100.390875,25.718602],[-100.391215,25.721906],[-100.391102,25.725222],[-100.390537,25.728501],[-100.389529,25.731692],[-100.388093,25.734748],[-100.386252,25.737622],[-100.384032,25.740269],[-100.381468,25.742651],[-100.378599,25.744732],[-100.375468,25.746478],[-100.372122,25.747865],[-100.368612,25.748871],[-100.364992,25.749481],[-100.361316,25.749685]]]}}",1930290421,Brunch & Munch - Lincoln - Turbo,25.72273557,-100.3613157
"{""type"":""Feature"",""properties"":{""Store ID"":1930174981,""Store Name"":""Brunch & Munch - Polanco - Turbo"",""STORE_LAT"":19.44434431,""STORE_LNG"":-99.19890999},""geometry"":{""type"":""Polygon"",""coordinates"":[[[-99.19891,19.471294],[-99.195398,19.47109],[-99.191939,19.47048],[-99.188586,19.469474],[-99.185389,19.468087],[-99.182398,19.46634],[-99.179656,19.46426],[-99.177207,19.461878],[-99.175086,19.45923],[-99.173327,19.456357],[-99.171955,19.453301],[-99.170992,19.45011],[-99.170452,19.446831],[-99.170344,19.443514],[-99.170669,19.44021],[-99.171422,19.436969],[-99.172591,19.43384],[-99.174159,19.43087],[-99.176103,19.428104],[-99.178392,19.425584],[-99.180993,19.423349],[-99.183865,19.421431],[-99.186965,19.419862],[-99.190246,19.418663],[-99.193659,19.417854],[-99.197151,19.417446],[-99.200669,19.417446],[-99.204161,19.417854],[-99.207574,19.418663],[-99.210855,19.419862],[-99.213955,19.421431],[-99.216827,19.423349],[-99.219428,19.425584],[-99.221717,19.428104],[-99.223661,19.43087],[-99.225229,19.43384],[-99.226398,19.436969],[-99.227151,19.44021],[-99.227476,19.443514],[-99.227368,19.446831],[-99.226828,19.45011],[-99.225865,19.453301],[-99.224493,19.456357],[-99.222734,19.45923],[-99.220613,19.461878],[-99.218164,19.46426],[-99.215422,19.46634],[-99.212431,19.468087],[-99.209234,19.469474],[-99.205881,19.47048],[-99.202422,19.47109],[-99.19891,19.471294]]]}}",1930174981,Brunch & Munch - Polanco - Turbo,19.44434431,-99.19890999
"{""type"":""Feature"",""properties"":{""Store ID"":1930386891,""Store Name"":""Brunch & Munch - Saltillo Centro - Turbo"",""STORE_LAT"":25.43077476,""STORE_LNG"":-101.003143},""geometry"":{""type"":""Polygon"",""coordinates"":[[[-101.003143,25.457724],[-100.999476,25.45752],[-100.995864,25.45691],[-100.992363,25.455904],[-100.989025,25.454518],[-100.985902,25.452771],[-100.983039,25.450691],[-100.980482,25.448309],[-100.978268,25.445661],[-100.976431,25.442787],[-100.974998,25.439732],[-100.973993,25.43654],[-100.973429,25.433261],[-100.973316,25.429945],[-100.973655,25.426641],[-100.974441,25.4234],[-100.975662,25.42027],[-100.9773,25.4173],[-100.979329,25.414534],[-100.98172,25.412014],[-100.984435,25.409779],[-100.987434,25.407862],[-100.990671,25.406292],[-100.994097,25.405093],[-100.99766,25.404284],[-101.001306,25.403876],[-101.00498,25.403876],[-101.008626,25.404284],[-101.012189,25.405093],[-101.015615,25.406292],[-101.018852,25.407862],[-101.021851,25.409779],[-101.024566,25.412014],[-101.026957,25.414534],[-101.028986,25.4173],[-101.030624,25.42027],[-101.031845,25.4234],[-101.032631,25.426641],[-101.03297,25.429945],[-101.032857,25.433261],[-101.032293,25.43654],[-101.031288,25.439732],[-101.029855,25.442787],[-101.028018,25.445661],[-101.025804,25.448309],[-101.023247,25.450691],[-101.020384,25.452771],[-101.017261,25.454518],[-101.013923,25.455904],[-101.010422,25.45691],[-101.00681,25.45752],[-101.003143,25.457724]]]}}",1930386891,Brunch & Munch - Saltillo Centro - Turbo,25.43077476,-101.003143
"{""type"":""Feature"",""properties"":{""Store ID"":1930212482,""Store Name"":""Brunch & Munch - Santa Teresita - Turbo"",""STORE_LAT"":20.67705884,""STORE_LNG"":-103.3760393},""geometry"":{""type"":""Polygon"",""coordinates"":[[[-103.376039,20.704008],[-103.3725,20.703804],[-103.369013,20.703194],[-103.365634,20.702188],[-103.362412,20.700802],[-103.359397,20.699055],[-103.356634,20.696975],[-103.354165,20.694593],[-103.352027,20.691945],[-103.350254,20.689071],[-103.348872,20.686016],[-103.347901,20.682824],[-103.347357,20.679545],[-103.347248,20.676229],[-103.347575,20.672925],[-103.348334,20.669684],[-103.349513,20.666554],[-103.351094,20.663584],[-103.353052,20.660818],[-103.35536,20.658298],[-103.357981,20.656063],[-103.360875,20.654146],[-103.364,20.652576],[-103.367307,20.651378],[-103.370746,20.650568],[-103.374266,20.65016],[-103.377813,20.65016],[-103.381332,20.650568],[-103.384772,20.651378],[-103.388079,20.652576],[-103.391203,20.654146],[-103.394098,20.656063],[-103.396719,20.658298],[-103.399026,20.660818],[-103.400985,20.663584],[-103.402566,20.666554],[-103.403745,20.669684],[-103.404503,20.672925],[-103.404831,20.676229],[-103.404721,20.679545],[-103.404177,20.682824],[-103.403207,20.686016],[-103.401824,20.689071],[-103.400051,20.691945],[-103.397914,20.694593],[-103.395445,20.696975],[-103.392682,20.699055],[-103.389667,20.700802],[-103.386445,20.702188],[-103.383065,20.703194],[-103.379579,20.703804],[-103.376039,20.704008]]]}}",1930212482,Brunch & Munch - Santa Teresita - Turbo,20.67705884,-103.3760393
"{""type"":""Feature"",""properties"":{""Store ID"":1930290423,""Store Name"":""Brunch & Munch Tabachines - Turbo"",""STORE_LAT"":20.7284325,""STORE_LNG"":-103.3870918},""geometry"":{""type"":""Polygon"",""coordinates"":[[[-103.387092,20.755382],[-103.383551,20.755178],[-103.380064,20.754568],[-103.376683,20.753562],[-103.37346,20.752175],[-103.370443,20.750429],[-103.367679,20.748348],[-103.36521,20.745966],[-103.363072,20.743318],[-103.361298,20.740445],[-103.359915,20.737389],[-103.358944,20.734198],[-103.3584,20.730919],[-103.358291,20.727603],[-103.358618,20.724299],[-103.359377,20.721057],[-103.360556,20.717928],[-103.362138,20.714958],[-103.364097,20.712192],[-103.366405,20.709672],[-103.369027,20.707437],[-103.371923,20.70552],[-103.375048,20.70395],[-103.378357,20.702751],[-103.381797,20.701942],[-103.385318,20.701534],[-103.388866,20.701534],[-103.392386,20.701942],[-103.395827,20.702751],[-103.399135,20.70395],[-103.402261,20.70552],[-103.405156,20.707437],[-103.407778,20.709672],[-103.410086,20.712192],[-103.412046,20.714958],[-103.413627,20.717928],[-103.414806,20.721057],[-103.415565,20.724299],[-103.415893,20.727603],[-103.415784,20.730919],[-103.415239,20.734198],[-103.414268,20.737389],[-103.412886,20.740445],[-103.411112,20.743318],[-103.408974,20.745966],[-103.406504,20.748348],[-103.40374,20.750429],[-103.400724,20.752175],[-103.397501,20.753562],[-103.39412,20.754568],[-103.390633,20.755178],[-103.387092,20.755382]]]}}",1930290423,Brunch & Munch Tabachines - Turbo,20.7284325,-103.3870918
"{""type"":""Feature"",""properties"":{""Store ID"":1930260022,""Store Name"":""Chemaquiles by El Chema Gomfie - Coapa - Turbo"",""STORE_LAT"":19.3053544,""STORE_LNG"":-99.1270867},""geometry"":{""type"":""Polygon"",""coordinates"":[[[-99.127087,19.332304],[-99.123578,19.3321],[-99.120122,19.33149],[-99.116771,19.330484],[-99.113577,19.329097],[-99.110588,19.32735],[-99.107849,19.32527],[-99.105402,19.322888],[-99.103283,19.32024],[-99.101525,19.317367],[-99.100155,19.314311],[-99.099193,19.31112],[-99.098653,19.307841],[-99.098545,19.304524],[-99.09887,19.301221],[-99.099622,19.297979],[-99.10079,19.29485],[-99.102357,19.29188],[-99.104299,19.289114],[-99.106587,19.286594],[-99.109185,19.284359],[-99.112054,19.282442],[-99.115152,19.280872],[-99.11843,19.279673],[-99.12184,19.278864],[-99.125329,19.278456],[-99.128845,19.278456],[-99.132334,19.278864],[-99.135743,19.279673],[-99.139022,19.280872],[-99.142119,19.282442],[-99.144989,19.284359],[-99.147587,19.286594],[-99.149874,19.289114],[-99.151816,19.29188],[-99.153383,19.29485],[-99.154552,19.297979],[-99.155304,19.301221],[-99.155628,19.304524],[-99.15552,19.307841],[-99.154981,19.31112],[-99.154019,19.314311],[-99.152648,19.317367],[-99.15089,19.32024],[-99.148772,19.322888],[-99.146324,19.32527],[-99.143585,19.32735],[-99.140596,19.329097],[-99.137402,19.330484],[-99.134052,19.33149],[-99.130596,19.3321],[-99.127087,19.332304]]]}}",1930260022,Chemaquiles by El Chema Gomfie - Coapa - Turbo,19.3053544,-99.1270867
"{""type"":""Feature"",""properties"":{""Store ID"":1930260023,""Store Name"":""Chemaquiles by El Chema Gomfie - Polanco - Turbo"",""STORE_LAT"":19.4443812,""STORE_LNG"":-99.1989995},""geometry"":{""type"":""Polygon"",""coordinates"":[[[-99.198999,19.471331],[-99.195487,19.471126],[-99.192029,19.470517],[-99.188675,19.469511],[-99.185479,19.468124],[-99.182487,19.466377],[-99.179746,19.464297],[-99.177296,19.461915],[-99.175176,19.459267],[-99.173416,19.456394],[-99.172045,19.453338],[-99.171082,19.450147],[-99.170542,19.446868],[-99.170434,19.443551],[-99.170758,19.440247],[-99.171511,19.437006],[-99.17268,19.433877],[-99.174249,19.430906],[-99.176193,19.428141],[-99.178482,19.425621],[-99.181082,19.423385],[-99.183954,19.421468],[-99.187054,19.419899],[-99.190336,19.4187],[-99.193748,19.417891],[-99.19724,19.417483],[-99.200759,19.417483],[-99.204251,19.417891],[-99.207663,19.4187],[-99.210945,19.419899],[-99.214045,19.421468],[-99.216917,19.423385],[-99.219517,19.425621],[-99.221806,19.428141],[-99.22375,19.430906],[-99.225319,19.433877],[-99.226488,19.437006],[-99.227241,19.440247],[-99.227565,19.443551],[-99.227457,19.446868],[-99.226917,19.450147],[-99.225954,19.453338],[-99.224583,19.456394],[-99.222823,19.459267],[-99.220703,19.461915],[-99.218253,19.464297],[-99.215512,19.466377],[-99.21252,19.468124],[-99.209324,19.469511],[-99.20597,19.470517],[-99.202512,19.471126],[-99.198999,19.471331]]]}}",1930260023,Chemaquiles by El Chema Gomfie - Polanco - Turbo,19.4443812,-99.1989995
"{""type"":""Feature"",""properties"":{""Store ID"":1930260021,""Store Name"":""Chemaquiles by El Chema Gomfie - Santa Teresita - Turbo"",""STORE_LAT"":20.6770444,""STORE_LNG"":-103.3760332},""geometry"":{""type"":""Polygon"",""coordinates"":[[[-103.376033,20.703994],[-103.372493,20.70379],[-103.369007,20.70318],[-103.365628,20.702174],[-103.362406,20.700787],[-103.35939,20.69904],[-103.356627,20.69696],[-103.354159,20.694578],[-103.352021,20.69193],[-103.350248,20.689057],[-103.348866,20.686001],[-103.347895,20.68281],[-103.347351,20.679531],[-103.347242,20.676214],[-103.347569,20.672911],[-103.348328,20.669669],[-103.349507,20.66654],[-103.351087,20.66357],[-103.353046,20.660804],[-103.355354,20.658284],[-103.357975,20.656049],[-103.360869,20.654132],[-103.363994,20.652562],[-103.367301,20.651363],[-103.37074,20.650554],[-103.37426,20.650146],[-103.377806,20.650146],[-103.381326,20.650554],[-103.384765,20.651363],[-103.388073,20.652562],[-103.391197,20.654132],[-103.394092,20.656049],[-103.396713,20.658284],[-103.39902,20.660804],[-103.400979,20.66357],[-103.40256,20.66654],[-103.403739,20.669669],[-103.404497,20.672911],[-103.404824,20.676214],[-103.404715,20.679531],[-103.404171,20.68281],[-103.403201,20.686001],[-103.401818,20.689057],[-103.400045,20.69193],[-103.397908,20.694578],[-103.395439,20.69696],[-103.392676,20.69904],[-103.389661,20.700787],[-103.386439,20.702174],[-103.383059,20.70318],[-103.379573,20.70379],[-103.376033,20.703994]]]}}",1930260021,Chemaquiles by El Chema Gomfie - Santa Teresita - Turbo,20.6770444,-103.3760332
"{""type"":""Feature"",""properties"":{""Store ID"":1930324953,""Store Name"":""Cocina Corrida (lindavista) - Turbo"",""STORE_LAT"":19.4914558,""STORE_LNG"":-99.1531089},""geometry"":{""type"":""Polygon"",""coordinates"":[[[-99.153109,19.518405],[-99.149596,19.518201],[-99.146136,19.517591],[-99.142782,19.516585],[-99.139584,19.515199],[-99.136592,19.513452],[-99.133849,19.511372],[-99.131399,19.50899],[-99.129278,19.506342],[-99.127518,19.503468],[-99.126146,19.500413],[-99.125183,19.497221],[-99.124643,19.493942],[-99.124535,19.490626],[-99.124859,19.487322],[-99.125612,19.484081],[-99.126782,19.480951],[-99.128351,19.477981],[-99.130295,19.475215],[-99.132585,19.472695],[-99.135187,19.47046],[-99.138059,19.468543],[-99.14116,19.466973],[-99.144442,19.465775],[-99.147856,19.464965],[-99.151349,19.464557],[-99.154869,19.464557],[-99.158362,19.464965],[-99.161775,19.465775],[-99.165057,19.466973],[-99.168158,19.468543],[-99.171031,19.47046],[-99.173632,19.472695],[-99.175922,19.475215],[-99.177867,19.477981],[-99.179436,19.480951],[-99.180605,19.484081],[-99.181358,19.487322],[-99.181683,19.490626],[-99.181575,19.493942],[-99.181035,19.497221],[-99.180072,19.500413],[-99.1787,19.503468],[-99.17694,19.506342],[-99.174819,19.50899],[-99.172368,19.511372],[-99.169626,19.513452],[-99.166634,19.515199],[-99.163436,19.516585],[-99.160082,19.517591],[-99.156622,19.518201],[-99.153109,19.518405]]]}}",1930324953,Cocina Corrida (lindavista) - Turbo,19.4914558,-99.1531089
"{""type"":""Feature"",""properties"":{""Store ID"":1930343283,""Store Name"":""Cocina Corrida (coapa) - Turbo"",""STORE_LAT"":19.30534576,""STORE_LNG"":-99.12730051},""geometry"":{""type"":""Polygon"",""coordinates"":[[[-99.127301,19.332295],[-99.123791,19.332091],[-99.120336,19.331481],[-99.116985,19.330475],[-99.113791,19.329089],[-99.110802,19.327342],[-99.108063,19.325262],[-99.105616,19.32288],[-99.103497,19.320232],[-99.101739,19.317358],[-99.100369,19.314303],[-99.099406,19.311111],[-99.098867,19.307832],[-99.098759,19.304516],[-99.099083,19.301212],[-99.099835,19.297971],[-99.101004,19.294841],[-99.102571,19.291871],[-99.104513,19.289105],[-99.1068,19.286585],[-99.109399,19.28435],[-99.112268,19.282433],[-99.115366,19.280863],[-99.118644,19.279664],[-99.122054,19.278855],[-99.125543,19.278447],[-99.129058,19.278447],[-99.132547,19.278855],[-99.135957,19.279664],[-99.139235,19.280863],[-99.142333,19.282433],[-99.145202,19.28435],[-99.147801,19.286585],[-99.150088,19.289105],[-99.15203,19.291871],[-99.153597,19.294841],[-99.154766,19.297971],[-99.155518,19.301212],[-99.155842,19.304516],[-99.155734,19.307832],[-99.155195,19.311111],[-99.154232,19.314303],[-99.152862,19.317358],[-99.151104,19.320232],[-99.148985,19.32288],[-99.146538,19.325262],[-99.143799,19.327342],[-99.14081,19.329089],[-99.137616,19.330475],[-99.134265,19.331481],[-99.13081,19.332091],[-99.127301,19.332295]]]}}",1930343283,Cocina Corrida (coapa) - Turbo,19.30534576,-99.12730051
"{""type"":""Feature"",""properties"":{""Store ID"":1930378722,""Store Name"":""Cocina Corrida (del Valle) - Turbo"",""STORE_LAT"":19.3738534,""STORE_LNG"":-99.188999},""geometry"":{""type"":""Polygon"",""coordinates"":[[[-99.188999,19.400803],[-99.185488,19.400599],[-99.182031,19.399989],[-99.178679,19.398983],[-99.175484,19.397596],[-99.172494,19.395849],[-99.169753,19.393769],[-99.167305,19.391387],[-99.165185,19.388739],[-99.163427,19.385866],[-99.162056,19.38281],[-99.161093,19.379619],[-99.160554,19.37634],[-99.160445,19.373023],[-99.16077,19.36972],[-99.161522,19.366478],[-99.162691,19.363349],[-99.164259,19.360379],[-99.166202,19.357613],[-99.16849,19.355093],[-99.17109,19.352858],[-99.17396,19.350941],[-99.177059,19.349371],[-99.180339,19.348172],[-99.18375,19.347363],[-99.18724,19.346955],[-99.190758,19.346955],[-99.194248,19.347363],[-99.197659,19.348172],[-99.200939,19.349371],[-99.204038,19.350941],[-99.206908,19.352858],[-99.209508,19.355093],[-99.211796,19.357613],[-99.213739,19.360379],[-99.215307,19.363349],[-99.216476,19.366478],[-99.217228,19.36972],[-99.217553,19.373023],[-99.217444,19.37634],[-99.216905,19.379619],[-99.215942,19.38281],[-99.214571,19.385866],[-99.212813,19.388739],[-99.210693,19.391387],[-99.208245,19.393769],[-99.205504,19.395849],[-99.202514,19.397596],[-99.199319,19.398983],[-99.195967,19.399989],[-99.19251,19.400599],[-99.188999,19.400803]]]}}",1930378722,Cocina Corrida (del Valle) - Turbo,19.3738534,-99.188999
"{""type"":""Feature"",""properties"":{""Store ID"":1930324954,""Store Name"":""Cocina Corrida (san Ángel) - Turbo"",""STORE_LAT"":19.3472491,""STORE_LNG"":-99.1904469},""geometry"":{""type"":""Polygon"",""coordinates"":[[[-99.190447,19.374199],[-99.186937,19.373994],[-99.18348,19.373385],[-99.180129,19.372379],[-99.176934,19.370992],[-99.173944,19.369245],[-99.171205,19.367165],[-99.168756,19.364783],[-99.166637,19.362135],[-99.164879,19.359262],[-99.163508,19.356206],[-99.162546,19.353014],[-99.162006,19.349736],[-99.161898,19.346419],[-99.162222,19.343115],[-99.162975,19.339874],[-99.164144,19.336745],[-99.165711,19.333774],[-99.167654,19.331008],[-99.169942,19.328489],[-99.17254,19.326253],[-99.175411,19.324336],[-99.178509,19.322766],[-99.181788,19.321568],[-99.185199,19.320759],[-99.188689,19.320351],[-99.192205,19.320351],[-99.195695,19.320759],[-99.199106,19.321568],[-99.202385,19.322766],[-99.205483,19.324336],[-99.208353,19.326253],[-99.210952,19.328489],[-99.21324,19.331008],[-99.215183,19.333774],[-99.21675,19.336745],[-99.217919,19.339874],[-99.218671,19.343115],[-99.218996,19.346419],[-99.218887,19.349736],[-99.218348,19.353014],[-99.217386,19.356206],[-99.216015,19.359262],[-99.214257,19.362135],[-99.212137,19.364783],[-99.209689,19.367165],[-99.20695,19.369245],[-99.20396,19.370992],[-99.200765,19.372379],[-99.197414,19.373385],[-99.193957,19.373994],[-99.190447,19.374199]]]}}",1930324954,Cocina Corrida (san Ángel) - Turbo,19.3472491,-99.1904469
"{""type"":""Feature"",""properties"":{""Store ID"":1930330560,""Store Name"":""Cocina Corrida (montejo) - Turbo"",""STORE_LAT"":21.0100802,""STORE_LNG"":-89.6231875},""geometry"":{""type"":""Polygon"",""coordinates"":[[[-89.623188,21.03703],[-89.61964,21.036825],[-89.616146,21.036216],[-89.612759,21.03521],[-89.60953,21.033823],[-89.606508,21.032076],[-89.603739,21.029996],[-89.601264,21.027614],[-89.599122,21.024966],[-89.597345,21.022093],[-89.59596,21.019037],[-89.594987,21.015846],[-89.594442,21.012567],[-89.594332,21.00925],[-89.59466,21.005946],[-89.595421,21.002705],[-89.596602,20.999576],[-89.598186,20.996605],[-89.60015,20.99384],[-89.602462,20.99132],[-89.605089,20.989084],[-89.60799,20.987167],[-89.611122,20.985598],[-89.614436,20.984399],[-89.617883,20.98359],[-89.62141,20.983182],[-89.624965,20.983182],[-89.628492,20.98359],[-89.631939,20.984399],[-89.635253,20.985598],[-89.638385,20.987167],[-89.641286,20.989084],[-89.643913,20.99132],[-89.646225,20.99384],[-89.648189,20.996605],[-89.649773,20.999576],[-89.650954,21.002705],[-89.651715,21.005946],[-89.652043,21.00925],[-89.651933,21.012567],[-89.651388,21.015846],[-89.650415,21.019037],[-89.64903,21.022093],[-89.647253,21.024966],[-89.645111,21.027614],[-89.642636,21.029996],[-89.639867,21.032076],[-89.636845,21.033823],[-89.633616,21.03521],[-89.630229,21.036216],[-89.626735,21.036825],[-89.623188,21.03703]]]}}",1930330560,Cocina Corrida (montejo) - Turbo,21.0100802,-89.6231875
"{""type"":""Feature"",""properties"":{""Store ID"":1930330558,""Store Name"":""Cocina Corrida (san Jerónimo) - Turbo"",""STORE_LAT"":25.6752163,""STORE_LNG"":-100.3533931},""geometry"":{""type"":""Polygon"",""coordinates"":[[[-100.353393,25.702166],[-100.349719,25.701961],[-100.3461,25.701352],[-100.342591,25.700346],[-100.339247,25.698959],[-100.336117,25.697212],[-100.333248,25.695132],[-100.330686,25.69275],[-100.328467,25.690102],[-100.326626,25.687229],[-100.325191,25.684173],[-100.324184,25.680982],[-100.323619,25.677703],[-100.323505,25.674386],[-100.323845,25.671082],[-100.324633,25.667841],[-100.325856,25.664712],[-100.327497,25.661742],[-100.329531,25.658976],[-100.331926,25.656456],[-100.334647,25.654221],[-100.337652,25.652303],[-100.340895,25.650734],[-100.344328,25.649535],[-100.347899,25.648726],[-100.351552,25.648318],[-100.355234,25.648318],[-100.358888,25.648726],[-100.362458,25.649535],[-100.365891,25.650734],[-100.369134,25.652303],[-100.372139,25.654221],[-100.37486,25.656456],[-100.377255,25.658976],[-100.379289,25.661742],[-100.38093,25.664712],[-100.382153,25.667841],[-100.382941,25.671082],[-100.383281,25.674386],[-100.383167,25.677703],[-100.382603,25.680982],[-100.381595,25.684173],[-100.38016,25.687229],[-100.378319,25.690102],[-100.376101,25.69275],[-100.373538,25.695132],[-100.37067,25.697212],[-100.367539,25.698959],[-100.364195,25.700346],[-100.360687,25.701352],[-100.357068,25.701961],[-100.353393,25.702166]]]}}",1930330558,Cocina Corrida (san Jerónimo) - Turbo,25.6752163,-100.3533931
"{""type"":""Feature"",""properties"":{""Store ID"":1930324955,""Store Name"":""Cocina Corrida (polanco) - Turbo"",""STORE_LAT"":19.4443812,""STORE_LNG"":-99.1989995},""geometry"":{""type"":""Polygon"",""coordinates"":[[[-99.198999,19.471331],[-99.195487,19.471126],[-99.192029,19.470517],[-99.188675,19.469511],[-99.185479,19.468124],[-99.182487,19.466377],[-99.179746,19.464297],[-99.177296,19.461915],[-99.175176,19.459267],[-99.173416,19.456394],[-99.172045,19.453338],[-99.171082,19.450147],[-99.170542,19.446868],[-99.170434,19.443551],[-99.170758,19.440247],[-99.171511,19.437006],[-99.17268,19.433877],[-99.174249,19.430906],[-99.176193,19.428141],[-99.178482,19.425621],[-99.181082,19.423385],[-99.183954,19.421468],[-99.187054,19.419899],[-99.190336,19.4187],[-99.193748,19.417891],[-99.19724,19.417483],[-99.200759,19.417483],[-99.204251,19.417891],[-99.207663,19.4187],[-99.210945,19.419899],[-99.214045,19.421468],[-99.216917,19.423385],[-99.219517,19.425621],[-99.221806,19.428141],[-99.22375,19.430906],[-99.225319,19.433877],[-99.226488,19.437006],[-99.227241,19.440247],[-99.227565,19.443551],[-99.227457,19.446868],[-99.226917,19.450147],[-99.225954,19.453338],[-99.224583,19.456394],[-99.222823,19.459267],[-99.220703,19.461915],[-99.218253,19.464297],[-99.215512,19.466377],[-99.21252,19.468124],[-99.209324,19.469511],[-99.20597,19.470517],[-99.202512,19.471126],[-99.198999,19.471331]]]}}",1930324955,Cocina Corrida (polanco) - Turbo,19.4443812,-99.1989995
"{""type"":""Feature"",""properties"":{""Store ID"":1930386778,""Store Name"":""Cocina Corrida (saltillo Centro) - Turbo"",""STORE_LAT"":25.4307317,""STORE_LNG"":-101.0032506},""geometry"":{""type"":""Polygon"",""coordinates"":[[[-101.003251,25.457681],[-100.999584,25.457477],[-100.995972,25.456867],[-100.992471,25.455861],[-100.989133,25.454475],[-100.986009,25.452728],[-100.983147,25.450648],[-100.980589,25.448266],[-100.978375,25.445618],[-100.976538,25.442744],[-100.975106,25.439688],[-100.974101,25.436497],[-100.973537,25.433218],[-100.973424,25.429902],[-100.973763,25.426598],[-100.974549,25.423357],[-100.97577,25.420227],[-100.977408,25.417257],[-100.979437,25.414491],[-100.981827,25.411971],[-100.984543,25.409736],[-100.987541,25.407819],[-100.990778,25.406249],[-100.994204,25.40505],[-100.997767,25.404241],[-101.001414,25.403833],[-101.005088,25.403833],[-101.008734,25.404241],[-101.012297,25.40505],[-101.015723,25.406249],[-101.01896,25.407819],[-101.021959,25.409736],[-101.024674,25.411971],[-101.027064,25.414491],[-101.029094,25.417257],[-101.030731,25.420227],[-101.031952,25.423357],[-101.032738,25.426598],[-101.033077,25.429902],[-101.032964,25.433218],[-101.032401,25.436497],[-101.031395,25.439688],[-101.029963,25.442744],[-101.028126,25.445618],[-101.025912,25.448266],[-101.023354,25.450648],[-101.020492,25.452728],[-101.017368,25.454475],[-101.01403,25.455861],[-101.010529,25.456867],[-101.006918,25.457477],[-101.003251,25.457681]]]}}",1930386778,Cocina Corrida (saltillo Centro) - Turbo,25.4307317,-101.0032506
"{""type"":""Feature"",""properties"":{""Store ID"":1930330557,""Store Name"":""Cocina Corrida (tabachines) - Turbo"",""STORE_LAT"":20.7284371,""STORE_LNG"":-103.3870875},""geometry"":{""type"":""Polygon"",""coordinates"":[[[-103.387088,20.755387],[-103.383547,20.755182],[-103.380059,20.754573],[-103.376678,20.753567],[-103.373455,20.75218],[-103.370439,20.750433],[-103.367675,20.748353],[-103.365205,20.745971],[-103.363068,20.743323],[-103.361294,20.74045],[-103.359911,20.737394],[-103.35894,20.734202],[-103.358396,20.730924],[-103.358286,20.727607],[-103.358614,20.724303],[-103.359373,20.721062],[-103.360552,20.717933],[-103.362133,20.714962],[-103.364093,20.712196],[-103.366401,20.709677],[-103.369023,20.707441],[-103.371919,20.705524],[-103.375044,20.703954],[-103.378352,20.702756],[-103.381793,20.701947],[-103.385314,20.701539],[-103.388861,20.701539],[-103.392382,20.701947],[-103.395823,20.702756],[-103.399131,20.703954],[-103.402256,20.705524],[-103.405152,20.707441],[-103.407774,20.709677],[-103.410082,20.712196],[-103.412042,20.714962],[-103.413623,20.717933],[-103.414802,20.721062],[-103.415561,20.724303],[-103.415889,20.727607],[-103.415779,20.730924],[-103.415235,20.734202],[-103.414264,20.737394],[-103.412881,20.74045],[-103.411107,20.743323],[-103.40897,20.745971],[-103.4065,20.748353],[-103.403736,20.750433],[-103.40072,20.75218],[-103.397497,20.753567],[-103.394116,20.754573],[-103.390628,20.755182],[-103.387088,20.755387]]]}}",1930330557,Cocina Corrida (tabachines) - Turbo,20.7284371,-103.3870875
"{""type"":""Feature"",""properties"":{""Store ID"":1930324340,""Store Name"":""Desayunos de la Abuela (San Ángel) - Turbo"",""STORE_LAT"":19.3472491,""STORE_LNG"":-99.1904469},""geometry"":{""type"":""Polygon"",""coordinates"":[[[-99.190447,19.374199],[-99.186937,19.373994],[-99.18348,19.373385],[-99.180129,19.372379],[-99.176934,19.370992],[-99.173944,19.369245],[-99.171205,19.367165],[-99.168756,19.364783],[-99.166637,19.362135],[-99.164879,19.359262],[-99.163508,19.356206],[-99.162546,19.353014],[-99.162006,19.349736],[-99.161898,19.346419],[-99.162222,19.343115],[-99.162975,19.339874],[-99.164144,19.336745],[-99.165711,19.333774],[-99.167654,19.331008],[-99.169942,19.328489],[-99.17254,19.326253],[-99.175411,19.324336],[-99.178509,19.322766],[-99.181788,19.321568],[-99.185199,19.320759],[-99.188689,19.320351],[-99.192205,19.320351],[-99.195695,19.320759],[-99.199106,19.321568],[-99.202385,19.322766],[-99.205483,19.324336],[-99.208353,19.326253],[-99.210952,19.328489],[-99.21324,19.331008],[-99.215183,19.333774],[-99.21675,19.336745],[-99.217919,19.339874],[-99.218671,19.343115],[-99.218996,19.346419],[-99.218887,19.349736],[-99.218348,19.353014],[-99.217386,19.356206],[-99.216015,19.359262],[-99.214257,19.362135],[-99.212137,19.364783],[-99.209689,19.367165],[-99.20695,19.369245],[-99.20396,19.370992],[-99.200765,19.372379],[-99.197414,19.373385],[-99.193957,19.373994],[-99.190447,19.374199]]]}}",1930324340,Desayunos de la Abuela (San Ángel) - Turbo,19.3472491,-99.1904469
"{""type"":""Feature"",""properties"":{""Store ID"":1930329010,""Store Name"":""Desayunos de la Abuela (Montejo) - Turbo"",""STORE_LAT"":21.01009272,""STORE_LNG"":-89.62339269},""geometry"":{""type"":""Polygon"",""coordinates"":[[[-89.623393,21.037042],[-89.619845,21.036838],[-89.616351,21.036228],[-89.612964,21.035222],[-89.609735,21.033836],[-89.606713,21.032089],[-89.603944,21.030009],[-89.60147,21.027627],[-89.599328,21.024979],[-89.59755,21.022105],[-89.596165,21.01905],[-89.595192,21.015858],[-89.594647,21.012579],[-89.594538,21.009263],[-89.594866,21.005959],[-89.595626,21.002718],[-89.596807,20.999588],[-89.598392,20.996618],[-89.600355,20.993852],[-89.602667,20.991332],[-89.605294,20.989097],[-89.608195,20.98718],[-89.611327,20.98561],[-89.614641,20.984411],[-89.618088,20.983602],[-89.621616,20.983194],[-89.62517,20.983194],[-89.628697,20.983602],[-89.632144,20.984411],[-89.635459,20.98561],[-89.63859,20.98718],[-89.641491,20.989097],[-89.644118,20.991332],[-89.64643,20.993852],[-89.648394,20.996618],[-89.649978,20.999588],[-89.651159,21.002718],[-89.65192,21.005959],[-89.652248,21.009263],[-89.652138,21.012579],[-89.651593,21.015858],[-89.65062,21.01905],[-89.649235,21.022105],[-89.647458,21.024979],[-89.645316,21.027627],[-89.642841,21.030009],[-89.640072,21.032089],[-89.63705,21.033836],[-89.633821,21.035222],[-89.630434,21.036228],[-89.62694,21.036838],[-89.623393,21.037042]]]}}",1930329010,Desayunos de la Abuela (Montejo) - Turbo,21.01009272,-89.62339269
"{""type"":""Feature"",""properties"":{""Store ID"":1930324342,""Store Name"":""Desayunos de la Abuela (Polanco) - Turbo"",""STORE_LAT"":19.4443422,""STORE_LNG"":-99.19891176},""geometry"":{""type"":""Polygon"",""coordinates"":[[[-99.198912,19.471292],[-99.1954,19.471087],[-99.191941,19.470478],[-99.188588,19.469472],[-99.185391,19.468085],[-99.182399,19.466338],[-99.179658,19.464258],[-99.177208,19.461876],[-99.175088,19.459228],[-99.173328,19.456355],[-99.171957,19.453299],[-99.170994,19.450108],[-99.170454,19.446829],[-99.170346,19.443512],[-99.170671,19.440208],[-99.171423,19.436967],[-99.172593,19.433838],[-99.174161,19.430867],[-99.176105,19.428102],[-99.178394,19.425582],[-99.180995,19.423346],[-99.183867,19.421429],[-99.186967,19.41986],[-99.190248,19.418661],[-99.19366,19.417852],[-99.197152,19.417444],[-99.200671,19.417444],[-99.204163,19.417852],[-99.207576,19.418661],[-99.210857,19.41986],[-99.213957,19.421429],[-99.216829,19.423346],[-99.219429,19.425582],[-99.221719,19.428102],[-99.223662,19.430867],[-99.225231,19.433838],[-99.2264,19.436967],[-99.227153,19.440208],[-99.227478,19.443512],[-99.227369,19.446829],[-99.22683,19.450108],[-99.225867,19.453299],[-99.224495,19.456355],[-99.222736,19.459228],[-99.220615,19.461876],[-99.218166,19.464258],[-99.215424,19.466338],[-99.212433,19.468085],[-99.209236,19.469472],[-99.205883,19.470478],[-99.202424,19.471087],[-99.198912,19.471292]]]}}",1930324342,Desayunos de la Abuela (Polanco) - Turbo,19.4443422,-99.19891176
"{""type"":""Feature"",""properties"":{""Store ID"":1930370701,""Store Name"":""Fonda Local (Tec) - Turbo"",""STORE_LAT"":25.6559138,""STORE_LNG"":-100.2920659},""geometry"":{""type"":""Polygon"",""coordinates"":[[[-100.292066,25.682863],[-100.288392,25.682659],[-100.284774,25.682049],[-100.281266,25.681043],[-100.277922,25.679657],[-100.274792,25.67791],[-100.271924,25.67583],[-100.269362,25.673448],[-100.267144,25.6708],[-100.265303,25.667926],[-100.263868,25.664871],[-100.262861,25.661679],[-100.262296,25.6584],[-100.262183,25.655084],[-100.262523,25.65178],[-100.26331,25.648539],[-100.264534,25.645409],[-100.266174,25.642439],[-100.268208,25.639673],[-100.270602,25.637153],[-100.273323,25.634918],[-100.276327,25.633001],[-100.27957,25.631431],[-100.283003,25.630233],[-100.286572,25.629423],[-100.290225,25.629015],[-100.293906,25.629015],[-100.297559,25.629423],[-100.301129,25.630233],[-100.304562,25.631431],[-100.307805,25.633001],[-100.310809,25.634918],[-100.313529,25.637153],[-100.315924,25.639673],[-100.317957,25.642439],[-100.319598,25.645409],[-100.320822,25.648539],[-100.321609,25.65178],[-100.321949,25.655084],[-100.321835,25.6584],[-100.321271,25.661679],[-100.320263,25.664871],[-100.318829,25.667926],[-100.316988,25.6708],[-100.31477,25.673448],[-100.312207,25.67583],[-100.30934,25.67791],[-100.30621,25.679657],[-100.302866,25.681043],[-100.299358,25.682049],[-100.29574,25.682659],[-100.292066,25.682863]]]}}",1930370701,Fonda Local (Tec) - Turbo,25.6559138,-100.2920659
"{""type"":""Feature"",""properties"":{""Store ID"":1930403637,""Store Name"":""Fonda Local (del Valle) - Turbo"",""STORE_LAT"":19.37400665,""STORE_LNG"":-99.18905174},""geometry"":{""type"":""Polygon"",""coordinates"":[[[-99.189052,19.400956],[-99.185541,19.400752],[-99.182084,19.400142],[-99.178732,19.399136],[-99.175537,19.397749],[-99.172546,19.396003],[-99.169806,19.393923],[-99.167358,19.39154],[-99.165238,19.388893],[-99.16348,19.386019],[-99.162109,19.382963],[-99.161146,19.379772],[-99.160606,19.376493],[-99.160498,19.373177],[-99.160823,19.369873],[-99.161575,19.366632],[-99.162744,19.363502],[-99.164312,19.360532],[-99.166255,19.357766],[-99.168543,19.355246],[-99.171142,19.353011],[-99.174013,19.351094],[-99.177112,19.349524],[-99.180392,19.348325],[-99.183803,19.347516],[-99.187293,19.347108],[-99.19081,19.347108],[-99.194301,19.347516],[-99.197712,19.348325],[-99.200992,19.349524],[-99.20409,19.351094],[-99.206961,19.353011],[-99.20956,19.355246],[-99.211849,19.357766],[-99.213792,19.360532],[-99.215359,19.363502],[-99.216528,19.366632],[-99.217281,19.369873],[-99.217605,19.373177],[-99.217497,19.376493],[-99.216957,19.379772],[-99.215995,19.382963],[-99.214624,19.386019],[-99.212865,19.388893],[-99.210746,19.39154],[-99.208297,19.393923],[-99.205557,19.396003],[-99.202567,19.397749],[-99.199371,19.399136],[-99.19602,19.400142],[-99.192562,19.400752],[-99.189052,19.400956]]]}}",1930403637,Fonda Local (del Valle) - Turbo,19.37400665,-99.18905174
"{""type"":""Feature"",""properties"":{""Store ID"":1930335168,""Store Name"":""Fonda Local (San Ángel) - Turbo"",""STORE_LAT"":19.3472491,""STORE_LNG"":-99.1904469},""geometry"":{""type"":""Polygon"",""coordinates"":[[[-99.190447,19.374199],[-99.186937,19.373994],[-99.18348,19.373385],[-99.180129,19.372379],[-99.176934,19.370992],[-99.173944,19.369245],[-99.171205,19.367165],[-99.168756,19.364783],[-99.166637,19.362135],[-99.164879,19.359262],[-99.163508,19.356206],[-99.162546,19.353014],[-99.162006,19.349736],[-99.161898,19.346419],[-99.162222,19.343115],[-99.162975,19.339874],[-99.164144,19.336745],[-99.165711,19.333774],[-99.167654,19.331008],[-99.169942,19.328489],[-99.17254,19.326253],[-99.175411,19.324336],[-99.178509,19.322766],[-99.181788,19.321568],[-99.185199,19.320759],[-99.188689,19.320351],[-99.192205,19.320351],[-99.195695,19.320759],[-99.199106,19.321568],[-99.202385,19.322766],[-99.205483,19.324336],[-99.208353,19.326253],[-99.210952,19.328489],[-99.21324,19.331008],[-99.215183,19.333774],[-99.21675,19.336745],[-99.217919,19.339874],[-99.218671,19.343115],[-99.218996,19.346419],[-99.218887,19.349736],[-99.218348,19.353014],[-99.217386,19.356206],[-99.216015,19.359262],[-99.214257,19.362135],[-99.212137,19.364783],[-99.209689,19.367165],[-99.20695,19.369245],[-99.20396,19.370992],[-99.200765,19.372379],[-99.197414,19.373385],[-99.193957,19.373994],[-99.190447,19.374199]]]}}",1930335168,Fonda Local (San Ángel) - Turbo,19.3472491,-99.1904469
"{""type"":""Feature"",""properties"":{""Store ID"":1930370807,""Store Name"":""Fonda Local (Jardines) - Turbo"",""STORE_LAT"":20.6871586,""STORE_LNG"":-103.4241984},""geometry"":{""type"":""Polygon"",""coordinates"":[[[-103.424198,20.714108],[-103.420658,20.713904],[-103.417172,20.713294],[-103.413792,20.712288],[-103.41057,20.710901],[-103.407555,20.709155],[-103.404791,20.707074],[-103.402322,20.704692],[-103.400185,20.702045],[-103.398412,20.699171],[-103.397029,20.696115],[-103.396058,20.692924],[-103.395514,20.689645],[-103.395405,20.686329],[-103.395732,20.683025],[-103.396491,20.679784],[-103.39767,20.676654],[-103.399251,20.673684],[-103.40121,20.670918],[-103.403518,20.668398],[-103.406139,20.666163],[-103.409034,20.664246],[-103.412158,20.662676],[-103.415466,20.661477],[-103.418905,20.660668],[-103.422425,20.66026],[-103.425972,20.66026],[-103.429492,20.660668],[-103.432931,20.661477],[-103.436239,20.662676],[-103.439363,20.664246],[-103.442258,20.666163],[-103.444879,20.668398],[-103.447187,20.670918],[-103.449146,20.673684],[-103.450727,20.676654],[-103.451906,20.679784],[-103.452664,20.683025],[-103.452992,20.686329],[-103.452882,20.689645],[-103.452338,20.692924],[-103.451368,20.696115],[-103.449985,20.699171],[-103.448212,20.702045],[-103.446074,20.704692],[-103.443605,20.707074],[-103.440842,20.709155],[-103.437827,20.710901],[-103.434605,20.712288],[-103.431225,20.713294],[-103.427738,20.713904],[-103.424198,20.714108]]]}}",1930370807,Fonda Local (Jardines) - Turbo,20.6871586,-103.4241984
"{""type"":""Feature"",""properties"":{""Store ID"":1930381124,""Store Name"":""Fonda Local (Montejo) - Turbo"",""STORE_LAT"":21.0100802,""STORE_LNG"":-89.6231875},""geometry"":{""type"":""Polygon"",""coordinates"":[[[-89.623188,21.03703],[-89.61964,21.036825],[-89.616146,21.036216],[-89.612759,21.03521],[-89.60953,21.033823],[-89.606508,21.032076],[-89.603739,21.029996],[-89.601264,21.027614],[-89.599122,21.024966],[-89.597345,21.022093],[-89.59596,21.019037],[-89.594987,21.015846],[-89.594442,21.012567],[-89.594332,21.00925],[-89.59466,21.005946],[-89.595421,21.002705],[-89.596602,20.999576],[-89.598186,20.996605],[-89.60015,20.99384],[-89.602462,20.99132],[-89.605089,20.989084],[-89.60799,20.987167],[-89.611122,20.985598],[-89.614436,20.984399],[-89.617883,20.98359],[-89.62141,20.983182],[-89.624965,20.983182],[-89.628492,20.98359],[-89.631939,20.984399],[-89.635253,20.985598],[-89.638385,20.987167],[-89.641286,20.989084],[-89.643913,20.99132],[-89.646225,20.99384],[-89.648189,20.996605],[-89.649773,20.999576],[-89.650954,21.002705],[-89.651715,21.005946],[-89.652043,21.00925],[-89.651933,21.012567],[-89.651388,21.015846],[-89.650415,21.019037],[-89.64903,21.022093],[-89.647253,21.024966],[-89.645111,21.027614],[-89.642636,21.029996],[-89.639867,21.032076],[-89.636845,21.033823],[-89.633616,21.03521],[-89.630229,21.036216],[-89.626735,21.036825],[-89.623188,21.03703]]]}}",1930381124,Fonda Local (Montejo) - Turbo,21.0100802,-89.6231875
"{""type"":""Feature"",""properties"":{""Store ID"":1930368551,""Store Name"":""Fonda Local (San Jerónimo) - Turbo"",""STORE_LAT"":25.6752163,""STORE_LNG"":-100.3533931},""geometry"":{""type"":""Polygon"",""coordinates"":[[[-100.353393,25.702166],[-100.349719,25.701961],[-100.3461,25.701352],[-100.342591,25.700346],[-100.339247,25.698959],[-100.336117,25.697212],[-100.333248,25.695132],[-100.330686,25.69275],[-100.328467,25.690102],[-100.326626,25.687229],[-100.325191,25.684173],[-100.324184,25.680982],[-100.323619,25.677703],[-100.323505,25.674386],[-100.323845,25.671082],[-100.324633,25.667841],[-100.325856,25.664712],[-100.327497,25.661742],[-100.329531,25.658976],[-100.331926,25.656456],[-100.334647,25.654221],[-100.337652,25.652303],[-100.340895,25.650734],[-100.344328,25.649535],[-100.347899,25.648726],[-100.351552,25.648318],[-100.355234,25.648318],[-100.358888,25.648726],[-100.362458,25.649535],[-100.365891,25.650734],[-100.369134,25.652303],[-100.372139,25.654221],[-100.37486,25.656456],[-100.377255,25.658976],[-100.379289,25.661742],[-100.38093,25.664712],[-100.382153,25.667841],[-100.382941,25.671082],[-100.383281,25.674386],[-100.383167,25.677703],[-100.382603,25.680982],[-100.381595,25.684173],[-100.38016,25.687229],[-100.378319,25.690102],[-100.376101,25.69275],[-100.373538,25.695132],[-100.37067,25.697212],[-100.367539,25.698959],[-100.364195,25.700346],[-100.360687,25.701352],[-100.357068,25.701961],[-100.353393,25.702166]]]}}",1930368551,Fonda Local (San Jerónimo) - Turbo,25.6752163,-100.3533931
"{""type"":""Feature"",""properties"":{""Store ID"":1930370808,""Store Name"":""Fonda Local (Lincoln) - Turbo"",""STORE_LAT"":25.7232437,""STORE_LNG"":-100.3613688},""geometry"":{""type"":""Polygon"",""coordinates"":[[[-100.361369,25.750193],[-100.357693,25.749989],[-100.354072,25.749379],[-100.350563,25.748373],[-100.347217,25.746987],[-100.344085,25.74524],[-100.341216,25.74316],[-100.338652,25.740778],[-100.336433,25.73813],[-100.334591,25.735256],[-100.333155,25.7322],[-100.332147,25.729009],[-100.331583,25.72573],[-100.331469,25.722414],[-100.331809,25.71911],[-100.332597,25.715869],[-100.333821,25.712739],[-100.335463,25.709769],[-100.337497,25.707003],[-100.339893,25.704483],[-100.342615,25.702248],[-100.345621,25.700331],[-100.348866,25.698761],[-100.3523,25.697562],[-100.355872,25.696753],[-100.359527,25.696345],[-100.36321,25.696345],[-100.366865,25.696753],[-100.370437,25.697562],[-100.373872,25.698761],[-100.377116,25.700331],[-100.380123,25.702248],[-100.382844,25.704483],[-100.385241,25.707003],[-100.387275,25.709769],[-100.388917,25.712739],[-100.390141,25.715869],[-100.390929,25.71911],[-100.391269,25.722414],[-100.391155,25.72573],[-100.39059,25.729009],[-100.389582,25.7322],[-100.388147,25.735256],[-100.386305,25.73813],[-100.384086,25.740778],[-100.381522,25.74316],[-100.378652,25.74524],[-100.375521,25.746987],[-100.372175,25.748373],[-100.368665,25.749379],[-100.365045,25.749989],[-100.361369,25.750193]]]}}",1930370808,Fonda Local (Lincoln) - Turbo,25.7232437,-100.3613688
"{""type"":""Feature"",""properties"":{""Store ID"":1930368584,""Store Name"":""Fonda Local (Polanco) - Turbo"",""STORE_LAT"":19.4443812,""STORE_LNG"":-99.1989995},""geometry"":{""type"":""Polygon"",""coordinates"":[[[-99.198999,19.471331],[-99.195487,19.471126],[-99.192029,19.470517],[-99.188675,19.469511],[-99.185479,19.468124],[-99.182487,19.466377],[-99.179746,19.464297],[-99.177296,19.461915],[-99.175176,19.459267],[-99.173416,19.456394],[-99.172045,19.453338],[-99.171082,19.450147],[-99.170542,19.446868],[-99.170434,19.443551],[-99.170758,19.440247],[-99.171511,19.437006],[-99.17268,19.433877],[-99.174249,19.430906],[-99.176193,19.428141],[-99.178482,19.425621],[-99.181082,19.423385],[-99.183954,19.421468],[-99.187054,19.419899],[-99.190336,19.4187],[-99.193748,19.417891],[-99.19724,19.417483],[-99.200759,19.417483],[-99.204251,19.417891],[-99.207663,19.4187],[-99.210945,19.419899],[-99.214045,19.421468],[-99.216917,19.423385],[-99.219517,19.425621],[-99.221806,19.428141],[-99.22375,19.430906],[-99.225319,19.433877],[-99.226488,19.437006],[-99.227241,19.440247],[-99.227565,19.443551],[-99.227457,19.446868],[-99.226917,19.450147],[-99.225954,19.453338],[-99.224583,19.456394],[-99.222823,19.459267],[-99.220703,19.461915],[-99.218253,19.464297],[-99.215512,19.466377],[-99.21252,19.468124],[-99.209324,19.469511],[-99.20597,19.470517],[-99.202512,19.471126],[-99.198999,19.471331]]]}}",1930368584,Fonda Local (Polanco) - Turbo,19.4443812,-99.1989995
"{""type"":""Feature"",""properties"":{""Store ID"":1930370256,""Store Name"":""Fonda Local (Tabachines) - Turbo"",""STORE_LAT"":20.7284371,""STORE_LNG"":-103.3870875},""geometry"":{""type"":""Polygon"",""coordinates"":[[[-103.387088,20.755387],[-103.383547,20.755182],[-103.380059,20.754573],[-103.376678,20.753567],[-103.373455,20.75218],[-103.370439,20.750433],[-103.367675,20.748353],[-103.365205,20.745971],[-103.363068,20.743323],[-103.361294,20.74045],[-103.359911,20.737394],[-103.35894,20.734202],[-103.358396,20.730924],[-103.358286,20.727607],[-103.358614,20.724303],[-103.359373,20.721062],[-103.360552,20.717933],[-103.362133,20.714962],[-103.364093,20.712196],[-103.366401,20.709677],[-103.369023,20.707441],[-103.371919,20.705524],[-103.375044,20.703954],[-103.378352,20.702756],[-103.381793,20.701947],[-103.385314,20.701539],[-103.388861,20.701539],[-103.392382,20.701947],[-103.395823,20.702756],[-103.399131,20.703954],[-103.402256,20.705524],[-103.405152,20.707441],[-103.407774,20.709677],[-103.410082,20.712196],[-103.412042,20.714962],[-103.413623,20.717933],[-103.414802,20.721062],[-103.415561,20.724303],[-103.415889,20.727607],[-103.415779,20.730924],[-103.415235,20.734202],[-103.414264,20.737394],[-103.412881,20.74045],[-103.411107,20.743323],[-103.40897,20.745971],[-103.4065,20.748353],[-103.403736,20.750433],[-103.40072,20.75218],[-103.397497,20.753567],[-103.394116,20.754573],[-103.390628,20.755182],[-103.387088,20.755387]]]}}",1930370256,Fonda Local (Tabachines) - Turbo,20.7284371,-103.3870875
"{""type"":""Feature"",""properties"":{""Store ID"":1930343212,""Store Name"":""Foodhub (Coapa) - Turbo"",""STORE_LAT"":19.30536395,""STORE_LNG"":-99.12730975},""geometry"":{""type"":""Polygon"",""coordinates"":[[[-99.12731,19.332313],[-99.123801,19.332109],[-99.120345,19.331499],[-99.116994,19.330494],[-99.113801,19.329107],[-99.110811,19.32736],[-99.108072,19.32528],[-99.105625,19.322898],[-99.103506,19.32025],[-99.101748,19.317376],[-99.100378,19.314321],[-99.099416,19.311129],[-99.098876,19.307851],[-99.098768,19.304534],[-99.099093,19.30123],[-99.099845,19.297989],[-99.101013,19.294859],[-99.10258,19.291889],[-99.104522,19.289123],[-99.10681,19.286604],[-99.109408,19.284368],[-99.112277,19.282451],[-99.115375,19.280881],[-99.118653,19.279683],[-99.122063,19.278873],[-99.125552,19.278466],[-99.129068,19.278466],[-99.132557,19.278873],[-99.135966,19.279683],[-99.139245,19.280881],[-99.142342,19.282451],[-99.145212,19.284368],[-99.14781,19.286604],[-99.150097,19.289123],[-99.152039,19.291889],[-99.153606,19.294859],[-99.154775,19.297989],[-99.155527,19.30123],[-99.155851,19.304534],[-99.155743,19.307851],[-99.155204,19.311129],[-99.154242,19.314321],[-99.152871,19.317376],[-99.151113,19.32025],[-99.148995,19.322898],[-99.146547,19.32528],[-99.143808,19.32736],[-99.140819,19.329107],[-99.137625,19.330494],[-99.134275,19.331499],[-99.130819,19.332109],[-99.12731,19.332313]]]}}",1930343212,Foodhub (Coapa) - Turbo,19.30536395,-99.12730975
"{""type"":""Feature"",""properties"":{""Store ID"":1930376301,""Store Name"":""Foodhub (Del Valle) - Turbo"",""STORE_LAT"":19.3738534,""STORE_LNG"":-99.188999},""geometry"":{""type"":""Polygon"",""coordinates"":[[[-99.188999,19.400803],[-99.185488,19.400599],[-99.182031,19.399989],[-99.178679,19.398983],[-99.175484,19.397596],[-99.172494,19.395849],[-99.169753,19.393769],[-99.167305,19.391387],[-99.165185,19.388739],[-99.163427,19.385866],[-99.162056,19.38281],[-99.161093,19.379619],[-99.160554,19.37634],[-99.160445,19.373023],[-99.16077,19.36972],[-99.161522,19.366478],[-99.162691,19.363349],[-99.164259,19.360379],[-99.166202,19.357613],[-99.16849,19.355093],[-99.17109,19.352858],[-99.17396,19.350941],[-99.177059,19.349371],[-99.180339,19.348172],[-99.18375,19.347363],[-99.18724,19.346955],[-99.190758,19.346955],[-99.194248,19.347363],[-99.197659,19.348172],[-99.200939,19.349371],[-99.204038,19.350941],[-99.206908,19.352858],[-99.209508,19.355093],[-99.211796,19.357613],[-99.213739,19.360379],[-99.215307,19.363349],[-99.216476,19.366478],[-99.217228,19.36972],[-99.217553,19.373023],[-99.217444,19.37634],[-99.216905,19.379619],[-99.215942,19.38281],[-99.214571,19.385866],[-99.212813,19.388739],[-99.210693,19.391387],[-99.208245,19.393769],[-99.205504,19.395849],[-99.202514,19.397596],[-99.199319,19.398983],[-99.195967,19.399989],[-99.19251,19.400599],[-99.188999,19.400803]]]}}",1930376301,Foodhub (Del Valle) - Turbo,19.3738534,-99.188999
"{""type"":""Feature"",""properties"":{""Store ID"":1930335100,""Store Name"":""Foodhub (san Ángel) - Turbo"",""STORE_LAT"":19.3472491,""STORE_LNG"":-99.1904469},""geometry"":{""type"":""Polygon"",""coordinates"":[[[-99.190447,19.374199],[-99.186937,19.373994],[-99.18348,19.373385],[-99.180129,19.372379],[-99.176934,19.370992],[-99.173944,19.369245],[-99.171205,19.367165],[-99.168756,19.364783],[-99.166637,19.362135],[-99.164879,19.359262],[-99.163508,19.356206],[-99.162546,19.353014],[-99.162006,19.349736],[-99.161898,19.346419],[-99.162222,19.343115],[-99.162975,19.339874],[-99.164144,19.336745],[-99.165711,19.333774],[-99.167654,19.331008],[-99.169942,19.328489],[-99.17254,19.326253],[-99.175411,19.324336],[-99.178509,19.322766],[-99.181788,19.321568],[-99.185199,19.320759],[-99.188689,19.320351],[-99.192205,19.320351],[-99.195695,19.320759],[-99.199106,19.321568],[-99.202385,19.322766],[-99.205483,19.324336],[-99.208353,19.326253],[-99.210952,19.328489],[-99.21324,19.331008],[-99.215183,19.333774],[-99.21675,19.336745],[-99.217919,19.339874],[-99.218671,19.343115],[-99.218996,19.346419],[-99.218887,19.349736],[-99.218348,19.353014],[-99.217386,19.356206],[-99.216015,19.359262],[-99.214257,19.362135],[-99.212137,19.364783],[-99.209689,19.367165],[-99.20695,19.369245],[-99.20396,19.370992],[-99.200765,19.372379],[-99.197414,19.373385],[-99.193957,19.373994],[-99.190447,19.374199]]]}}",1930335100,Foodhub (san Ángel) - Turbo,19.3472491,-99.1904469
"{""type"":""Feature"",""properties"":{""Store ID"":1930328965,""Store Name"":""Foodhub (Montejo) - Turbo"",""STORE_LAT"":21.0100802,""STORE_LNG"":-89.6231875},""geometry"":{""type"":""Polygon"",""coordinates"":[[[-89.623188,21.03703],[-89.61964,21.036825],[-89.616146,21.036216],[-89.612759,21.03521],[-89.60953,21.033823],[-89.606508,21.032076],[-89.603739,21.029996],[-89.601264,21.027614],[-89.599122,21.024966],[-89.597345,21.022093],[-89.59596,21.019037],[-89.594987,21.015846],[-89.594442,21.012567],[-89.594332,21.00925],[-89.59466,21.005946],[-89.595421,21.002705],[-89.596602,20.999576],[-89.598186,20.996605],[-89.60015,20.99384],[-89.602462,20.99132],[-89.605089,20.989084],[-89.60799,20.987167],[-89.611122,20.985598],[-89.614436,20.984399],[-89.617883,20.98359],[-89.62141,20.983182],[-89.624965,20.983182],[-89.628492,20.98359],[-89.631939,20.984399],[-89.635253,20.985598],[-89.638385,20.987167],[-89.641286,20.989084],[-89.643913,20.99132],[-89.646225,20.99384],[-89.648189,20.996605],[-89.649773,20.999576],[-89.650954,21.002705],[-89.651715,21.005946],[-89.652043,21.00925],[-89.651933,21.012567],[-89.651388,21.015846],[-89.650415,21.019037],[-89.64903,21.022093],[-89.647253,21.024966],[-89.645111,21.027614],[-89.642636,21.029996],[-89.639867,21.032076],[-89.636845,21.033823],[-89.633616,21.03521],[-89.630229,21.036216],[-89.626735,21.036825],[-89.623188,21.03703]]]}}",1930328965,Foodhub (Montejo) - Turbo,21.0100802,-89.6231875
"{""type"":""Feature"",""properties"":{""Store ID"":1930335095,""Store Name"":""Foodhub (lincoln) - Turbo"",""STORE_LAT"":25.72257941,""STORE_LNG"":-100.3613283},""geometry"":{""type"":""Polygon"",""coordinates"":[[[-100.361328,25.749529],[-100.357652,25.749325],[-100.354032,25.748715],[-100.350522,25.747709],[-100.347176,25.746322],[-100.344045,25.744575],[-100.341176,25.742495],[-100.338612,25.740113],[-100.336392,25.737465],[-100.334551,25.734592],[-100.333115,25.731536],[-100.332107,25.728345],[-100.331542,25.725066],[-100.331429,25.721749],[-100.331769,25.718446],[-100.332557,25.715204],[-100.333781,25.712075],[-100.335422,25.709105],[-100.337457,25.706339],[-100.339853,25.703819],[-100.342575,25.701584],[-100.345581,25.699667],[-100.348826,25.698097],[-100.35226,25.696898],[-100.355832,25.696089],[-100.359487,25.695681],[-100.36317,25.695681],[-100.366825,25.696089],[-100.370397,25.696898],[-100.373831,25.698097],[-100.377076,25.699667],[-100.380082,25.701584],[-100.382804,25.703819],[-100.3852,25.706339],[-100.387234,25.709105],[-100.388876,25.712075],[-100.3901,25.715204],[-100.390888,25.718446],[-100.391228,25.721749],[-100.391114,25.725066],[-100.390549,25.728345],[-100.389542,25.731536],[-100.388106,25.734592],[-100.386264,25.737465],[-100.384045,25.740113],[-100.381481,25.742495],[-100.378612,25.744575],[-100.37548,25.746322],[-100.372134,25.747709],[-100.368625,25.748715],[-100.365004,25.749325],[-100.361328,25.749529]]]}}",1930335095,Foodhub (lincoln) - Turbo,25.72257941,-100.3613283
"{""type"":""Feature"",""properties"":{""Store ID"":1930335102,""Store Name"":""Foodhub (Polanco) - Turbo"",""STORE_LAT"":19.4443812,""STORE_LNG"":-99.1989995},""geometry"":{""type"":""Polygon"",""coordinates"":[[[-99.198999,19.471331],[-99.195487,19.471126],[-99.192029,19.470517],[-99.188675,19.469511],[-99.185479,19.468124],[-99.182487,19.466377],[-99.179746,19.464297],[-99.177296,19.461915],[-99.175176,19.459267],[-99.173416,19.456394],[-99.172045,19.453338],[-99.171082,19.450147],[-99.170542,19.446868],[-99.170434,19.443551],[-99.170758,19.440247],[-99.171511,19.437006],[-99.17268,19.433877],[-99.174249,19.430906],[-99.176193,19.428141],[-99.178482,19.425621],[-99.181082,19.423385],[-99.183954,19.421468],[-99.187054,19.419899],[-99.190336,19.4187],[-99.193748,19.417891],[-99.19724,19.417483],[-99.200759,19.417483],[-99.204251,19.417891],[-99.207663,19.4187],[-99.210945,19.419899],[-99.214045,19.421468],[-99.216917,19.423385],[-99.219517,19.425621],[-99.221806,19.428141],[-99.22375,19.430906],[-99.225319,19.433877],[-99.226488,19.437006],[-99.227241,19.440247],[-99.227565,19.443551],[-99.227457,19.446868],[-99.226917,19.450147],[-99.225954,19.453338],[-99.224583,19.456394],[-99.222823,19.459267],[-99.220703,19.461915],[-99.218253,19.464297],[-99.215512,19.466377],[-99.21252,19.468124],[-99.209324,19.469511],[-99.20597,19.470517],[-99.202512,19.471126],[-99.198999,19.471331]]]}}",1930335102,Foodhub (Polanco) - Turbo,19.4443812,-99.1989995
"{""type"":""Feature"",""properties"":{""Store ID"":1930386748,""Store Name"":""Foodhub (Saltillo Centro) - Turbo"",""STORE_LAT"":25.4307317,""STORE_LNG"":-101.0032506},""geometry"":{""type"":""Polygon"",""coordinates"":[[[-101.003251,25.457681],[-100.999584,25.457477],[-100.995972,25.456867],[-100.992471,25.455861],[-100.989133,25.454475],[-100.986009,25.452728],[-100.983147,25.450648],[-100.980589,25.448266],[-100.978375,25.445618],[-100.976538,25.442744],[-100.975106,25.439688],[-100.974101,25.436497],[-100.973537,25.433218],[-100.973424,25.429902],[-100.973763,25.426598],[-100.974549,25.423357],[-100.97577,25.420227],[-100.977408,25.417257],[-100.979437,25.414491],[-100.981827,25.411971],[-100.984543,25.409736],[-100.987541,25.407819],[-100.990778,25.406249],[-100.994204,25.40505],[-100.997767,25.404241],[-101.001414,25.403833],[-101.005088,25.403833],[-101.008734,25.404241],[-101.012297,25.40505],[-101.015723,25.406249],[-101.01896,25.407819],[-101.021959,25.409736],[-101.024674,25.411971],[-101.027064,25.414491],[-101.029094,25.417257],[-101.030731,25.420227],[-101.031952,25.423357],[-101.032738,25.426598],[-101.033077,25.429902],[-101.032964,25.433218],[-101.032401,25.436497],[-101.031395,25.439688],[-101.029963,25.442744],[-101.028126,25.445618],[-101.025912,25.448266],[-101.023354,25.450648],[-101.020492,25.452728],[-101.017368,25.454475],[-101.01403,25.455861],[-101.010529,25.456867],[-101.006918,25.457477],[-101.003251,25.457681]]]}}",1930386748,Foodhub (Saltillo Centro) - Turbo,25.4307317,-101.0032506
"{""type"":""Feature"",""properties"":{""Store ID"":1930234343,""Store Name"":""Green House - Coapa - Turbo"",""STORE_LAT"":19.3053544,""STORE_LNG"":-99.1270867},""geometry"":{""type"":""Polygon"",""coordinates"":[[[-99.127087,19.332304],[-99.123578,19.3321],[-99.120122,19.33149],[-99.116771,19.330484],[-99.113577,19.329097],[-99.110588,19.32735],[-99.107849,19.32527],[-99.105402,19.322888],[-99.103283,19.32024],[-99.101525,19.317367],[-99.100155,19.314311],[-99.099193,19.31112],[-99.098653,19.307841],[-99.098545,19.304524],[-99.09887,19.301221],[-99.099622,19.297979],[-99.10079,19.29485],[-99.102357,19.29188],[-99.104299,19.289114],[-99.106587,19.286594],[-99.109185,19.284359],[-99.112054,19.282442],[-99.115152,19.280872],[-99.11843,19.279673],[-99.12184,19.278864],[-99.125329,19.278456],[-99.128845,19.278456],[-99.132334,19.278864],[-99.135743,19.279673],[-99.139022,19.280872],[-99.142119,19.282442],[-99.144989,19.284359],[-99.147587,19.286594],[-99.149874,19.289114],[-99.151816,19.29188],[-99.153383,19.29485],[-99.154552,19.297979],[-99.155304,19.301221],[-99.155628,19.304524],[-99.15552,19.307841],[-99.154981,19.31112],[-99.154019,19.314311],[-99.152648,19.317367],[-99.15089,19.32024],[-99.148772,19.322888],[-99.146324,19.32527],[-99.143585,19.32735],[-99.140596,19.329097],[-99.137402,19.330484],[-99.134052,19.33149],[-99.130596,19.3321],[-99.127087,19.332304]]]}}",1930234343,Green House - Coapa - Turbo,19.3053544,-99.1270867
"{""type"":""Feature"",""properties"":{""Store ID"":1930295318,""Store Name"":""Green House - Doctores - Turbo"",""STORE_LAT"":19.42040035,""STORE_LNG"":-99.14576718},""geometry"":{""type"":""Polygon"",""coordinates"":[[[-99.145767,19.44735],[-99.142256,19.447146],[-99.138797,19.446536],[-99.135445,19.44553],[-99.132248,19.444143],[-99.129257,19.442396],[-99.126516,19.440316],[-99.124067,19.437934],[-99.121947,19.435286],[-99.120188,19.432413],[-99.118816,19.429357],[-99.117853,19.426166],[-99.117314,19.422887],[-99.117205,19.41957],[-99.11753,19.416267],[-99.118283,19.413025],[-99.119452,19.409896],[-99.12102,19.406926],[-99.122964,19.40416],[-99.125253,19.40164],[-99.127853,19.399405],[-99.130724,19.397487],[-99.133824,19.395918],[-99.137105,19.394719],[-99.140516,19.39391],[-99.144008,19.393502],[-99.147526,19.393502],[-99.151018,19.39391],[-99.15443,19.394719],[-99.157711,19.395918],[-99.16081,19.397487],[-99.163682,19.399405],[-99.166282,19.40164],[-99.168571,19.40416],[-99.170514,19.406926],[-99.172082,19.409896],[-99.173252,19.413025],[-99.174004,19.416267],[-99.174329,19.41957],[-99.174221,19.422887],[-99.173681,19.426166],[-99.172718,19.429357],[-99.171347,19.432413],[-99.169588,19.435286],[-99.167467,19.437934],[-99.165018,19.440316],[-99.162277,19.442396],[-99.159286,19.444143],[-99.15609,19.44553],[-99.152737,19.446536],[-99.149279,19.447146],[-99.145767,19.44735]]]}}",1930295318,Green House - Doctores - Turbo,19.42040035,-99.14576718
"{""type"":""Feature"",""properties"":{""Store ID"":1930278037,""Store Name"":""Green House - Del Valle - Turbo"",""STORE_LAT"":19.37377149,""STORE_LNG"":-99.18912246},""geometry"":{""type"":""Polygon"",""coordinates"":[[[-99.189122,19.400721],[-99.185612,19.400517],[-99.182155,19.399907],[-99.178803,19.398901],[-99.175608,19.397514],[-99.172617,19.395768],[-99.169877,19.393687],[-99.167428,19.391305],[-99.165309,19.388657],[-99.16355,19.385784],[-99.162179,19.382728],[-99.161217,19.379537],[-99.160677,19.376258],[-99.160569,19.372942],[-99.160893,19.369638],[-99.161646,19.366396],[-99.162815,19.363267],[-99.164383,19.360297],[-99.166325,19.357531],[-99.168614,19.355011],[-99.171213,19.352776],[-99.174084,19.350859],[-99.177183,19.349289],[-99.180462,19.34809],[-99.183873,19.347281],[-99.187364,19.346873],[-99.190881,19.346873],[-99.194372,19.347281],[-99.197783,19.34809],[-99.201062,19.349289],[-99.204161,19.350859],[-99.207032,19.352776],[-99.209631,19.355011],[-99.211919,19.357531],[-99.213862,19.360297],[-99.21543,19.363267],[-99.216599,19.366396],[-99.217351,19.369638],[-99.217676,19.372942],[-99.217568,19.376258],[-99.217028,19.379537],[-99.216066,19.382728],[-99.214695,19.385784],[-99.212936,19.388657],[-99.210816,19.391305],[-99.208368,19.393687],[-99.205628,19.395768],[-99.202637,19.397514],[-99.199442,19.398901],[-99.19609,19.399907],[-99.192633,19.400517],[-99.189122,19.400721]]]}}",1930278037,Green House - Del Valle - Turbo,19.37377149,-99.18912246
"{""type"":""Feature"",""properties"":{""Store ID"":1930290389,""Store Name"":""Green House - San Angel - Turbo"",""STORE_LAT"":19.3472217,""STORE_LNG"":-99.1904483},""geometry"":{""type"":""Polygon"",""coordinates"":[[[-99.190448,19.374171],[-99.186938,19.373967],[-99.183482,19.373357],[-99.18013,19.372351],[-99.176936,19.370965],[-99.173946,19.369218],[-99.171206,19.367138],[-99.168758,19.364756],[-99.166639,19.362108],[-99.16488,19.359234],[-99.16351,19.356178],[-99.162547,19.352987],[-99.162008,19.349708],[-99.161899,19.346392],[-99.162224,19.343088],[-99.162976,19.339847],[-99.164145,19.336717],[-99.165713,19.333747],[-99.167655,19.330981],[-99.169943,19.328461],[-99.172542,19.326226],[-99.175412,19.324309],[-99.17851,19.322739],[-99.18179,19.32154],[-99.1852,19.320731],[-99.18869,19.320323],[-99.192207,19.320323],[-99.195697,19.320731],[-99.199107,19.32154],[-99.202386,19.322739],[-99.205484,19.324309],[-99.208355,19.326226],[-99.210954,19.328461],[-99.213242,19.330981],[-99.215184,19.333747],[-99.216752,19.336717],[-99.21792,19.339847],[-99.218673,19.343088],[-99.218997,19.346392],[-99.218889,19.349708],[-99.218349,19.352987],[-99.217387,19.356178],[-99.216016,19.359234],[-99.214258,19.362108],[-99.212139,19.364756],[-99.209691,19.367138],[-99.206951,19.369218],[-99.203961,19.370965],[-99.200766,19.372351],[-99.197415,19.373357],[-99.193958,19.373967],[-99.190448,19.374171]]]}}",1930290389,Green House - San Angel - Turbo,19.3472217,-99.1904483
"{""type"":""Feature"",""properties"":{""Store ID"":1930292030,""Store Name"":""Green House - Jardines - Turbo"",""STORE_LAT"":20.6871586,""STORE_LNG"":-103.4241984},""geometry"":{""type"":""Polygon"",""coordinates"":[[[-103.424198,20.714108],[-103.420658,20.713904],[-103.417172,20.713294],[-103.413792,20.712288],[-103.41057,20.710901],[-103.407555,20.709155],[-103.404791,20.707074],[-103.402322,20.704692],[-103.400185,20.702045],[-103.398412,20.699171],[-103.397029,20.696115],[-103.396058,20.692924],[-103.395514,20.689645],[-103.395405,20.686329],[-103.395732,20.683025],[-103.396491,20.679784],[-103.39767,20.676654],[-103.399251,20.673684],[-103.40121,20.670918],[-103.403518,20.668398],[-103.406139,20.666163],[-103.409034,20.664246],[-103.412158,20.662676],[-103.415466,20.661477],[-103.418905,20.660668],[-103.422425,20.66026],[-103.425972,20.66026],[-103.429492,20.660668],[-103.432931,20.661477],[-103.436239,20.662676],[-103.439363,20.664246],[-103.442258,20.666163],[-103.444879,20.668398],[-103.447187,20.670918],[-103.449146,20.673684],[-103.450727,20.676654],[-103.451906,20.679784],[-103.452664,20.683025],[-103.452992,20.686329],[-103.452882,20.689645],[-103.452338,20.692924],[-103.451368,20.696115],[-103.449985,20.699171],[-103.448212,20.702045],[-103.446074,20.704692],[-103.443605,20.707074],[-103.440842,20.709155],[-103.437827,20.710901],[-103.434605,20.712288],[-103.431225,20.713294],[-103.427738,20.713904],[-103.424198,20.714108]]]}}",1930292030,Green House - Jardines - Turbo,20.6871586,-103.4241984
"{""type"":""Feature"",""properties"":{""Store ID"":1930321649,""Store Name"":""Green House - la Calma - Turbo C. Volcán Vesubio 4944 3677"",""STORE_LAT"":20.6399662,""STORE_LNG"":-103.4201},""geometry"":{""type"":""Polygon"",""coordinates"":[[[-103.4201,20.666916],[-103.416561,20.666711],[-103.413076,20.666102],[-103.409697,20.665096],[-103.406476,20.663709],[-103.403461,20.661962],[-103.400699,20.659882],[-103.398231,20.6575],[-103.396094,20.654852],[-103.394321,20.651979],[-103.392939,20.648923],[-103.391969,20.645732],[-103.391425,20.642453],[-103.391316,20.639136],[-103.391643,20.635832],[-103.392401,20.632591],[-103.39358,20.629462],[-103.39516,20.626491],[-103.397119,20.623726],[-103.399426,20.621206],[-103.402046,20.61897],[-103.40494,20.617053],[-103.408064,20.615484],[-103.41137,20.614285],[-103.414808,20.613476],[-103.418327,20.613068],[-103.421873,20.613068],[-103.425392,20.613476],[-103.42883,20.614285],[-103.432136,20.615484],[-103.43526,20.617053],[-103.438154,20.61897],[-103.440774,20.621206],[-103.443081,20.623726],[-103.44504,20.626491],[-103.44662,20.629462],[-103.447799,20.632591],[-103.448557,20.635832],[-103.448884,20.639136],[-103.448775,20.642453],[-103.448231,20.645732],[-103.447261,20.648923],[-103.445879,20.651979],[-103.444106,20.654852],[-103.441969,20.6575],[-103.439501,20.659882],[-103.436739,20.661962],[-103.433724,20.663709],[-103.430503,20.665096],[-103.427124,20.666102],[-103.423639,20.666711],[-103.4201,20.666916]]]}}",1930321649,Green House - la Calma - Turbo C. Volcán Vesubio 4944 3677,20.6399662,-103.4201
"{""type"":""Feature"",""properties"":{""Store ID"":1930234344,""Store Name"":""Green House - Polanco - Turbo"",""STORE_LAT"":19.4443812,""STORE_LNG"":-99.1989995},""geometry"":{""type"":""Polygon"",""coordinates"":[[[-99.198999,19.471331],[-99.195487,19.471126],[-99.192029,19.470517],[-99.188675,19.469511],[-99.185479,19.468124],[-99.182487,19.466377],[-99.179746,19.464297],[-99.177296,19.461915],[-99.175176,19.459267],[-99.173416,19.456394],[-99.172045,19.453338],[-99.171082,19.450147],[-99.170542,19.446868],[-99.170434,19.443551],[-99.170758,19.440247],[-99.171511,19.437006],[-99.17268,19.433877],[-99.174249,19.430906],[-99.176193,19.428141],[-99.178482,19.425621],[-99.181082,19.423385],[-99.183954,19.421468],[-99.187054,19.419899],[-99.190336,19.4187],[-99.193748,19.417891],[-99.19724,19.417483],[-99.200759,19.417483],[-99.204251,19.417891],[-99.207663,19.4187],[-99.210945,19.419899],[-99.214045,19.421468],[-99.216917,19.423385],[-99.219517,19.425621],[-99.221806,19.428141],[-99.22375,19.430906],[-99.225319,19.433877],[-99.226488,19.437006],[-99.227241,19.440247],[-99.227565,19.443551],[-99.227457,19.446868],[-99.226917,19.450147],[-99.225954,19.453338],[-99.224583,19.456394],[-99.222823,19.459267],[-99.220703,19.461915],[-99.218253,19.464297],[-99.215512,19.466377],[-99.21252,19.468124],[-99.209324,19.469511],[-99.20597,19.470517],[-99.202512,19.471126],[-99.198999,19.471331]]]}}",1930234344,Green House - Polanco - Turbo,19.4443812,-99.1989995
"{""type"":""Feature"",""properties"":{""Store ID"":1930321594,""Store Name"":""Green House - Saltillo Centro - Turbo"",""STORE_LAT"":25.43077772,""STORE_LNG"":-101.0031447},""geometry"":{""type"":""Polygon"",""coordinates"":[[[-101.003145,25.457727],[-100.999478,25.457523],[-100.995866,25.456913],[-100.992365,25.455907],[-100.989027,25.454521],[-100.985903,25.452774],[-100.983041,25.450694],[-100.980483,25.448312],[-100.978269,25.445664],[-100.976432,25.44279],[-100.975,25.439735],[-100.973995,25.436543],[-100.973431,25.433264],[-100.973318,25.429948],[-100.973657,25.426644],[-100.974443,25.423403],[-100.975664,25.420273],[-100.977302,25.417303],[-100.979331,25.414537],[-100.981722,25.412017],[-100.984437,25.409782],[-100.987435,25.407865],[-100.990672,25.406295],[-100.994098,25.405096],[-100.997661,25.404287],[-101.001308,25.403879],[-101.004982,25.403879],[-101.008628,25.404287],[-101.012191,25.405096],[-101.015617,25.406295],[-101.018854,25.407865],[-101.021853,25.409782],[-101.024568,25.412017],[-101.026958,25.414537],[-101.028988,25.417303],[-101.030625,25.420273],[-101.031846,25.423403],[-101.032632,25.426644],[-101.032971,25.429948],[-101.032858,25.433264],[-101.032295,25.436543],[-101.031289,25.439735],[-101.029857,25.44279],[-101.02802,25.445664],[-101.025806,25.448312],[-101.023248,25.450694],[-101.020386,25.452774],[-101.017262,25.454521],[-101.013924,25.455907],[-101.010423,25.456913],[-101.006812,25.457523],[-101.003145,25.457727]]]}}",1930321594,Green House - Saltillo Centro - Turbo,25.43077772,-101.0031447
"{""type"":""Feature"",""properties"":{""Store ID"":1930234342,""Store Name"":""Green House - Santa Teresita - Turbo"",""STORE_LAT"":20.6770444,""STORE_LNG"":-103.3760332},""geometry"":{""type"":""Polygon"",""coordinates"":[[[-103.376033,20.703994],[-103.372493,20.70379],[-103.369007,20.70318],[-103.365628,20.702174],[-103.362406,20.700787],[-103.35939,20.69904],[-103.356627,20.69696],[-103.354159,20.694578],[-103.352021,20.69193],[-103.350248,20.689057],[-103.348866,20.686001],[-103.347895,20.68281],[-103.347351,20.679531],[-103.347242,20.676214],[-103.347569,20.672911],[-103.348328,20.669669],[-103.349507,20.66654],[-103.351087,20.66357],[-103.353046,20.660804],[-103.355354,20.658284],[-103.357975,20.656049],[-103.360869,20.654132],[-103.363994,20.652562],[-103.367301,20.651363],[-103.37074,20.650554],[-103.37426,20.650146],[-103.377806,20.650146],[-103.381326,20.650554],[-103.384765,20.651363],[-103.388073,20.652562],[-103.391197,20.654132],[-103.394092,20.656049],[-103.396713,20.658284],[-103.39902,20.660804],[-103.400979,20.66357],[-103.40256,20.66654],[-103.403739,20.669669],[-103.404497,20.672911],[-103.404824,20.676214],[-103.404715,20.679531],[-103.404171,20.68281],[-103.403201,20.686001],[-103.401818,20.689057],[-103.400045,20.69193],[-103.397908,20.694578],[-103.395439,20.69696],[-103.392676,20.69904],[-103.389661,20.700787],[-103.386439,20.702174],[-103.383059,20.70318],[-103.379573,20.70379],[-103.376033,20.703994]]]}}",1930234342,Green House - Santa Teresita - Turbo,20.6770444,-103.3760332
"{""type"":""Feature"",""properties"":{""Store ID"":1930321892,""Store Name"":""Honest Food (Ciudad Judicial) - Turbo"",""STORE_LAT"":19.01442644,""STORE_LNG"":-98.26960304},""geometry"":{""type"":""Polygon"",""coordinates"":[[[-98.269603,19.041376],[-98.2661,19.041172],[-98.26265,19.040562],[-98.259306,19.039556],[-98.256118,19.038169],[-98.253134,19.036423],[-98.250399,19.034342],[-98.247956,19.03196],[-98.245841,19.029312],[-98.244087,19.026439],[-98.242719,19.023383],[-98.241758,19.020192],[-98.24122,19.016913],[-98.241112,19.013597],[-98.241436,19.010293],[-98.242186,19.007051],[-98.243353,19.003922],[-98.244917,19.000952],[-98.246856,18.998186],[-98.249139,18.995666],[-98.251733,18.993431],[-98.254597,18.991514],[-98.257689,18.989944],[-98.260962,18.988745],[-98.264365,18.987936],[-98.267848,18.987528],[-98.271358,18.987528],[-98.274841,18.987936],[-98.278244,18.988745],[-98.281517,18.989944],[-98.284609,18.991514],[-98.287473,18.993431],[-98.290067,18.995666],[-98.29235,18.998186],[-98.294289,19.000952],[-98.295853,19.003922],[-98.29702,19.007051],[-98.29777,19.010293],[-98.298094,19.013597],[-98.297986,19.016913],[-98.297448,19.020192],[-98.296487,19.023383],[-98.295119,19.026439],[-98.293365,19.029312],[-98.29125,19.03196],[-98.288807,19.034342],[-98.286072,19.036423],[-98.283088,19.038169],[-98.2799,19.039556],[-98.276556,19.040562],[-98.273106,19.041172],[-98.269603,19.041376]]]}}",1930321892,Honest Food (Ciudad Judicial) - Turbo,19.01442644,-98.26960304
"{""type"":""Feature"",""properties"":{""Store ID"":1930321914,""Store Name"":""Honest Food (lindavista) - Turbo"",""STORE_LAT"":19.4914558,""STORE_LNG"":-99.1531089},""geometry"":{""type"":""Polygon"",""coordinates"":[[[-99.153109,19.518405],[-99.149596,19.518201],[-99.146136,19.517591],[-99.142782,19.516585],[-99.139584,19.515199],[-99.136592,19.513452],[-99.133849,19.511372],[-99.131399,19.50899],[-99.129278,19.506342],[-99.127518,19.503468],[-99.126146,19.500413],[-99.125183,19.497221],[-99.124643,19.493942],[-99.124535,19.490626],[-99.124859,19.487322],[-99.125612,19.484081],[-99.126782,19.480951],[-99.128351,19.477981],[-99.130295,19.475215],[-99.132585,19.472695],[-99.135187,19.47046],[-99.138059,19.468543],[-99.14116,19.466973],[-99.144442,19.465775],[-99.147856,19.464965],[-99.151349,19.464557],[-99.154869,19.464557],[-99.158362,19.464965],[-99.161775,19.465775],[-99.165057,19.466973],[-99.168158,19.468543],[-99.171031,19.47046],[-99.173632,19.472695],[-99.175922,19.475215],[-99.177867,19.477981],[-99.179436,19.480951],[-99.180605,19.484081],[-99.181358,19.487322],[-99.181683,19.490626],[-99.181575,19.493942],[-99.181035,19.497221],[-99.180072,19.500413],[-99.1787,19.503468],[-99.17694,19.506342],[-99.174819,19.50899],[-99.172368,19.511372],[-99.169626,19.513452],[-99.166634,19.515199],[-99.163436,19.516585],[-99.160082,19.517591],[-99.156622,19.518201],[-99.153109,19.518405]]]}}",1930321914,Honest Food (lindavista) - Turbo,19.4914558,-99.1531089
"{""type"":""Feature"",""properties"":{""Store ID"":1930321912,""Store Name"":""Honest Food (coapa) - Turbo"",""STORE_LAT"":19.30518303,""STORE_LNG"":-99.12692819},""geometry"":{""type"":""Polygon"",""coordinates"":[[[-99.126928,19.332132],[-99.123419,19.331928],[-99.119963,19.331319],[-99.116613,19.330313],[-99.113419,19.328926],[-99.11043,19.327179],[-99.107691,19.325099],[-99.105243,19.322717],[-99.103125,19.320069],[-99.101367,19.317195],[-99.099996,19.31414],[-99.099034,19.310948],[-99.098495,19.30767],[-99.098387,19.304353],[-99.098711,19.301049],[-99.099463,19.297808],[-99.100632,19.294679],[-99.102199,19.291708],[-99.104141,19.288942],[-99.106428,19.286423],[-99.109026,19.284187],[-99.111896,19.28227],[-99.114993,19.2807],[-99.118272,19.279502],[-99.121681,19.278692],[-99.12517,19.278285],[-99.128686,19.278285],[-99.132175,19.278692],[-99.135585,19.279502],[-99.138863,19.2807],[-99.141961,19.28227],[-99.14483,19.284187],[-99.147428,19.286423],[-99.149716,19.288942],[-99.151658,19.291708],[-99.153225,19.294679],[-99.154393,19.297808],[-99.155145,19.301049],[-99.15547,19.304353],[-99.155361,19.30767],[-99.154822,19.310948],[-99.15386,19.31414],[-99.15249,19.317195],[-99.150732,19.320069],[-99.148613,19.322717],[-99.146166,19.325099],[-99.143427,19.327179],[-99.140437,19.328926],[-99.137243,19.330313],[-99.133893,19.331319],[-99.130437,19.331928],[-99.126928,19.332132]]]}}",1930321912,Honest Food (coapa) - Turbo,19.30518303,-99.12692819
"{""type"":""Feature"",""properties"":{""Store ID"":1930321823,""Store Name"":""Honest Food (Tec) - Turbo"",""STORE_LAT"":25.6559138,""STORE_LNG"":-100.2920659},""geometry"":{""type"":""Polygon"",""coordinates"":[[[-100.292066,25.682863],[-100.288392,25.682659],[-100.284774,25.682049],[-100.281266,25.681043],[-100.277922,25.679657],[-100.274792,25.67791],[-100.271924,25.67583],[-100.269362,25.673448],[-100.267144,25.6708],[-100.265303,25.667926],[-100.263868,25.664871],[-100.262861,25.661679],[-100.262296,25.6584],[-100.262183,25.655084],[-100.262523,25.65178],[-100.26331,25.648539],[-100.264534,25.645409],[-100.266174,25.642439],[-100.268208,25.639673],[-100.270602,25.637153],[-100.273323,25.634918],[-100.276327,25.633001],[-100.27957,25.631431],[-100.283003,25.630233],[-100.286572,25.629423],[-100.290225,25.629015],[-100.293906,25.629015],[-100.297559,25.629423],[-100.301129,25.630233],[-100.304562,25.631431],[-100.307805,25.633001],[-100.310809,25.634918],[-100.313529,25.637153],[-100.315924,25.639673],[-100.317957,25.642439],[-100.319598,25.645409],[-100.320822,25.648539],[-100.321609,25.65178],[-100.321949,25.655084],[-100.321835,25.6584],[-100.321271,25.661679],[-100.320263,25.664871],[-100.318829,25.667926],[-100.316988,25.6708],[-100.31477,25.673448],[-100.312207,25.67583],[-100.30934,25.67791],[-100.30621,25.679657],[-100.302866,25.681043],[-100.299358,25.682049],[-100.29574,25.682659],[-100.292066,25.682863]]]}}",1930321823,Honest Food (Tec) - Turbo,25.6559138,-100.2920659
"{""type"":""Feature"",""properties"":{""Store ID"":1930321915,""Store Name"":""Honest Food (churubusco) - Turbo"",""STORE_LAT"":19.3590827,""STORE_LNG"":-99.1363794},""geometry"":{""type"":""Polygon"",""coordinates"":[[[-99.136379,19.386032],[-99.132869,19.385828],[-99.129412,19.385218],[-99.126061,19.384212],[-99.122866,19.382826],[-99.119876,19.381079],[-99.117136,19.378999],[-99.114687,19.376617],[-99.112568,19.373969],[-99.11081,19.371095],[-99.109439,19.368039],[-99.108476,19.364848],[-99.107937,19.361569],[-99.107828,19.358253],[-99.108153,19.354949],[-99.108905,19.351708],[-99.110074,19.348578],[-99.111642,19.345608],[-99.113584,19.342842],[-99.115873,19.340322],[-99.118472,19.338087],[-99.121342,19.33617],[-99.124441,19.3346],[-99.12772,19.333401],[-99.131131,19.332592],[-99.134621,19.332184],[-99.138138,19.332184],[-99.141628,19.332592],[-99.145039,19.333401],[-99.148318,19.3346],[-99.151417,19.33617],[-99.154287,19.338087],[-99.156886,19.340322],[-99.159174,19.342842],[-99.161117,19.345608],[-99.162685,19.348578],[-99.163853,19.351708],[-99.164606,19.354949],[-99.16493,19.358253],[-99.164822,19.361569],[-99.164283,19.364848],[-99.16332,19.368039],[-99.161949,19.371095],[-99.160191,19.373969],[-99.158071,19.376617],[-99.155623,19.378999],[-99.152883,19.381079],[-99.149893,19.382826],[-99.146698,19.384212],[-99.143347,19.385218],[-99.13989,19.385828],[-99.136379,19.386032]]]}}",1930321915,Honest Food (churubusco) - Turbo,19.3590827,-99.1363794
"{""type"":""Feature"",""properties"":{""Store ID"":1930321919,""Store Name"":""Honest Food (del Valle) - Turbo"",""STORE_LAT"":19.3738534,""STORE_LNG"":-99.188999},""geometry"":{""type"":""Polygon"",""coordinates"":[[[-99.188999,19.400803],[-99.185488,19.400599],[-99.182031,19.399989],[-99.178679,19.398983],[-99.175484,19.397596],[-99.172494,19.395849],[-99.169753,19.393769],[-99.167305,19.391387],[-99.165185,19.388739],[-99.163427,19.385866],[-99.162056,19.38281],[-99.161093,19.379619],[-99.160554,19.37634],[-99.160445,19.373023],[-99.16077,19.36972],[-99.161522,19.366478],[-99.162691,19.363349],[-99.164259,19.360379],[-99.166202,19.357613],[-99.16849,19.355093],[-99.17109,19.352858],[-99.17396,19.350941],[-99.177059,19.349371],[-99.180339,19.348172],[-99.18375,19.347363],[-99.18724,19.346955],[-99.190758,19.346955],[-99.194248,19.347363],[-99.197659,19.348172],[-99.200939,19.349371],[-99.204038,19.350941],[-99.206908,19.352858],[-99.209508,19.355093],[-99.211796,19.357613],[-99.213739,19.360379],[-99.215307,19.363349],[-99.216476,19.366478],[-99.217228,19.36972],[-99.217553,19.373023],[-99.217444,19.37634],[-99.216905,19.379619],[-99.215942,19.38281],[-99.214571,19.385866],[-99.212813,19.388739],[-99.210693,19.391387],[-99.208245,19.393769],[-99.205504,19.395849],[-99.202514,19.397596],[-99.199319,19.398983],[-99.195967,19.399989],[-99.19251,19.400599],[-99.188999,19.400803]]]}}",1930321919,Honest Food (del Valle) - Turbo,19.3738534,-99.188999
"{""type"":""Feature"",""properties"":{""Store ID"":1930321907,""Store Name"":""Honest Food (san Ángel) - Turbo"",""STORE_LAT"":19.3472491,""STORE_LNG"":-99.1904469},""geometry"":{""type"":""Polygon"",""coordinates"":[[[-99.190447,19.374199],[-99.186937,19.373994],[-99.18348,19.373385],[-99.180129,19.372379],[-99.176934,19.370992],[-99.173944,19.369245],[-99.171205,19.367165],[-99.168756,19.364783],[-99.166637,19.362135],[-99.164879,19.359262],[-99.163508,19.356206],[-99.162546,19.353014],[-99.162006,19.349736],[-99.161898,19.346419],[-99.162222,19.343115],[-99.162975,19.339874],[-99.164144,19.336745],[-99.165711,19.333774],[-99.167654,19.331008],[-99.169942,19.328489],[-99.17254,19.326253],[-99.175411,19.324336],[-99.178509,19.322766],[-99.181788,19.321568],[-99.185199,19.320759],[-99.188689,19.320351],[-99.192205,19.320351],[-99.195695,19.320759],[-99.199106,19.321568],[-99.202385,19.322766],[-99.205483,19.324336],[-99.208353,19.326253],[-99.210952,19.328489],[-99.21324,19.331008],[-99.215183,19.333774],[-99.21675,19.336745],[-99.217919,19.339874],[-99.218671,19.343115],[-99.218996,19.346419],[-99.218887,19.349736],[-99.218348,19.353014],[-99.217386,19.356206],[-99.216015,19.359262],[-99.214257,19.362135],[-99.212137,19.364783],[-99.209689,19.367165],[-99.20695,19.369245],[-99.20396,19.370992],[-99.200765,19.372379],[-99.197414,19.373385],[-99.193957,19.373994],[-99.190447,19.374199]]]}}",1930321907,Honest Food (san Ángel) - Turbo,19.3472491,-99.1904469
"{""type"":""Feature"",""properties"":{""Store ID"":1930321920,""Store Name"":""Honest Food (jardines) - Turbo"",""STORE_LAT"":20.6871586,""STORE_LNG"":-103.4241984},""geometry"":{""type"":""Polygon"",""coordinates"":[[[-103.424198,20.714108],[-103.420658,20.713904],[-103.417172,20.713294],[-103.413792,20.712288],[-103.41057,20.710901],[-103.407555,20.709155],[-103.404791,20.707074],[-103.402322,20.704692],[-103.400185,20.702045],[-103.398412,20.699171],[-103.397029,20.696115],[-103.396058,20.692924],[-103.395514,20.689645],[-103.395405,20.686329],[-103.395732,20.683025],[-103.396491,20.679784],[-103.39767,20.676654],[-103.399251,20.673684],[-103.40121,20.670918],[-103.403518,20.668398],[-103.406139,20.666163],[-103.409034,20.664246],[-103.412158,20.662676],[-103.415466,20.661477],[-103.418905,20.660668],[-103.422425,20.66026],[-103.425972,20.66026],[-103.429492,20.660668],[-103.432931,20.661477],[-103.436239,20.662676],[-103.439363,20.664246],[-103.442258,20.666163],[-103.444879,20.668398],[-103.447187,20.670918],[-103.449146,20.673684],[-103.450727,20.676654],[-103.451906,20.679784],[-103.452664,20.683025],[-103.452992,20.686329],[-103.452882,20.689645],[-103.452338,20.692924],[-103.451368,20.696115],[-103.449985,20.699171],[-103.448212,20.702045],[-103.446074,20.704692],[-103.443605,20.707074],[-103.440842,20.709155],[-103.437827,20.710901],[-103.434605,20.712288],[-103.431225,20.713294],[-103.427738,20.713904],[-103.424198,20.714108]]]}}",1930321920,Honest Food (jardines) - Turbo,20.6871586,-103.4241984
"{""type"":""Feature"",""properties"":{""Store ID"":1930321913,""Store Name"":""Honest Food (la Calma) - Turbo"",""STORE_LAT"":20.6399679,""STORE_LNG"":-103.4201087},""geometry"":{""type"":""Polygon"",""coordinates"":[[[-103.420109,20.666917],[-103.41657,20.666713],[-103.413085,20.666103],[-103.409706,20.665098],[-103.406485,20.663711],[-103.40347,20.661964],[-103.400708,20.659884],[-103.398239,20.657502],[-103.396103,20.654854],[-103.39433,20.65198],[-103.392948,20.648925],[-103.391978,20.645733],[-103.391434,20.642454],[-103.391324,20.639138],[-103.391652,20.635834],[-103.39241,20.632593],[-103.393589,20.629463],[-103.395169,20.626493],[-103.397127,20.623727],[-103.399434,20.621207],[-103.402055,20.618972],[-103.404949,20.617055],[-103.408072,20.615485],[-103.411379,20.614287],[-103.414817,20.613477],[-103.418336,20.61307],[-103.421882,20.61307],[-103.4254,20.613477],[-103.428839,20.614287],[-103.432145,20.615485],[-103.435269,20.617055],[-103.438163,20.618972],[-103.440783,20.621207],[-103.44309,20.623727],[-103.445048,20.626493],[-103.446629,20.629463],[-103.447807,20.632593],[-103.448566,20.635834],[-103.448893,20.639138],[-103.448784,20.642454],[-103.44824,20.645733],[-103.44727,20.648925],[-103.445888,20.65198],[-103.444115,20.654854],[-103.441978,20.657502],[-103.43951,20.659884],[-103.436747,20.661964],[-103.433733,20.663711],[-103.430512,20.665098],[-103.427133,20.666103],[-103.423648,20.666713],[-103.420109,20.666917]]]}}",1930321913,Honest Food (la Calma) - Turbo,20.6399679,-103.4201087
"{""type"":""Feature"",""properties"":{""Store ID"":1930321896,""Store Name"":""Honest Food (Montejo) - Turbo"",""STORE_LAT"":21.0100802,""STORE_LNG"":-89.6231875},""geometry"":{""type"":""Polygon"",""coordinates"":[[[-89.623188,21.03703],[-89.61964,21.036825],[-89.616146,21.036216],[-89.612759,21.03521],[-89.60953,21.033823],[-89.606508,21.032076],[-89.603739,21.029996],[-89.601264,21.027614],[-89.599122,21.024966],[-89.597345,21.022093],[-89.59596,21.019037],[-89.594987,21.015846],[-89.594442,21.012567],[-89.594332,21.00925],[-89.59466,21.005946],[-89.595421,21.002705],[-89.596602,20.999576],[-89.598186,20.996605],[-89.60015,20.99384],[-89.602462,20.99132],[-89.605089,20.989084],[-89.60799,20.987167],[-89.611122,20.985598],[-89.614436,20.984399],[-89.617883,20.98359],[-89.62141,20.983182],[-89.624965,20.983182],[-89.628492,20.98359],[-89.631939,20.984399],[-89.635253,20.985598],[-89.638385,20.987167],[-89.641286,20.989084],[-89.643913,20.99132],[-89.646225,20.99384],[-89.648189,20.996605],[-89.649773,20.999576],[-89.650954,21.002705],[-89.651715,21.005946],[-89.652043,21.00925],[-89.651933,21.012567],[-89.651388,21.015846],[-89.650415,21.019037],[-89.64903,21.022093],[-89.647253,21.024966],[-89.645111,21.027614],[-89.642636,21.029996],[-89.639867,21.032076],[-89.636845,21.033823],[-89.633616,21.03521],[-89.630229,21.036216],[-89.626735,21.036825],[-89.623188,21.03703]]]}}",1930321896,Honest Food (Montejo) - Turbo,21.0100802,-89.6231875
"{""type"":""Feature"",""properties"":{""Store ID"":1930321835,""Store Name"":""Honest Food (san Jerónimo) - Turbo"",""STORE_LAT"":25.6752163,""STORE_LNG"":-100.3533931},""geometry"":{""type"":""Polygon"",""coordinates"":[[[-100.353393,25.702166],[-100.349719,25.701961],[-100.3461,25.701352],[-100.342591,25.700346],[-100.339247,25.698959],[-100.336117,25.697212],[-100.333248,25.695132],[-100.330686,25.69275],[-100.328467,25.690102],[-100.326626,25.687229],[-100.325191,25.684173],[-100.324184,25.680982],[-100.323619,25.677703],[-100.323505,25.674386],[-100.323845,25.671082],[-100.324633,25.667841],[-100.325856,25.664712],[-100.327497,25.661742],[-100.329531,25.658976],[-100.331926,25.656456],[-100.334647,25.654221],[-100.337652,25.652303],[-100.340895,25.650734],[-100.344328,25.649535],[-100.347899,25.648726],[-100.351552,25.648318],[-100.355234,25.648318],[-100.358888,25.648726],[-100.362458,25.649535],[-100.365891,25.650734],[-100.369134,25.652303],[-100.372139,25.654221],[-100.37486,25.656456],[-100.377255,25.658976],[-100.379289,25.661742],[-100.38093,25.664712],[-100.382153,25.667841],[-100.382941,25.671082],[-100.383281,25.674386],[-100.383167,25.677703],[-100.382603,25.680982],[-100.381595,25.684173],[-100.38016,25.687229],[-100.378319,25.690102],[-100.376101,25.69275],[-100.373538,25.695132],[-100.37067,25.697212],[-100.367539,25.698959],[-100.364195,25.700346],[-100.360687,25.701352],[-100.357068,25.701961],[-100.353393,25.702166]]]}}",1930321835,Honest Food (san Jerónimo) - Turbo,25.6752163,-100.3533931
"{""type"":""Feature"",""properties"":{""Store ID"":1930321889,""Store Name"":""Honest Food (Lincoln) - Turbo"",""STORE_LAT"":25.72283163,""STORE_LNG"":-100.3609596},""geometry"":{""type"":""Polygon"",""coordinates"":[[[-100.36096,25.749781],[-100.357284,25.749577],[-100.353663,25.748967],[-100.350153,25.747961],[-100.346808,25.746574],[-100.343676,25.744828],[-100.340807,25.742748],[-100.338243,25.740365],[-100.336023,25.737718],[-100.334182,25.734844],[-100.332746,25.731788],[-100.331738,25.728597],[-100.331173,25.725318],[-100.33106,25.722002],[-100.3314,25.718698],[-100.332188,25.715457],[-100.333412,25.712327],[-100.335053,25.709357],[-100.337088,25.706591],[-100.339484,25.704071],[-100.342206,25.701836],[-100.345212,25.699919],[-100.348457,25.698349],[-100.351891,25.69715],[-100.355463,25.696341],[-100.359118,25.695933],[-100.362801,25.695933],[-100.366456,25.696341],[-100.370028,25.69715],[-100.373462,25.698349],[-100.376707,25.699919],[-100.379713,25.701836],[-100.382435,25.704071],[-100.384831,25.706591],[-100.386866,25.709357],[-100.388507,25.712327],[-100.389731,25.715457],[-100.390519,25.718698],[-100.390859,25.722002],[-100.390746,25.725318],[-100.390181,25.728597],[-100.389173,25.731788],[-100.387737,25.734844],[-100.385896,25.737718],[-100.383676,25.740365],[-100.381112,25.742748],[-100.378243,25.744828],[-100.375112,25.746574],[-100.371766,25.747961],[-100.368256,25.748967],[-100.364636,25.749577],[-100.36096,25.749781]]]}}",1930321889,Honest Food (Lincoln) - Turbo,25.72283163,-100.3609596
"{""type"":""Feature"",""properties"":{""Store ID"":1930321916,""Store Name"":""Honest Food (Polanco) - Turbo"",""STORE_LAT"":19.4443812,""STORE_LNG"":-99.1989995},""geometry"":{""type"":""Polygon"",""coordinates"":[[[-99.198999,19.471331],[-99.195487,19.471126],[-99.192029,19.470517],[-99.188675,19.469511],[-99.185479,19.468124],[-99.182487,19.466377],[-99.179746,19.464297],[-99.177296,19.461915],[-99.175176,19.459267],[-99.173416,19.456394],[-99.172045,19.453338],[-99.171082,19.450147],[-99.170542,19.446868],[-99.170434,19.443551],[-99.170758,19.440247],[-99.171511,19.437006],[-99.17268,19.433877],[-99.174249,19.430906],[-99.176193,19.428141],[-99.178482,19.425621],[-99.181082,19.423385],[-99.183954,19.421468],[-99.187054,19.419899],[-99.190336,19.4187],[-99.193748,19.417891],[-99.19724,19.417483],[-99.200759,19.417483],[-99.204251,19.417891],[-99.207663,19.4187],[-99.210945,19.419899],[-99.214045,19.421468],[-99.216917,19.423385],[-99.219517,19.425621],[-99.221806,19.428141],[-99.22375,19.430906],[-99.225319,19.433877],[-99.226488,19.437006],[-99.227241,19.440247],[-99.227565,19.443551],[-99.227457,19.446868],[-99.226917,19.450147],[-99.225954,19.453338],[-99.224583,19.456394],[-99.222823,19.459267],[-99.220703,19.461915],[-99.218253,19.464297],[-99.215512,19.466377],[-99.21252,19.468124],[-99.209324,19.469511],[-99.20597,19.470517],[-99.202512,19.471126],[-99.198999,19.471331]]]}}",1930321916,Honest Food (Polanco) - Turbo,19.4443812,-99.1989995
"{""type"":""Feature"",""properties"":{""Store ID"":1930321885,""Store Name"":""Honest Food (Saltillo Centro) - Turbo"",""STORE_LAT"":25.4307317,""STORE_LNG"":-101.0032506},""geometry"":{""type"":""Polygon"",""coordinates"":[[[-101.003251,25.457681],[-100.999584,25.457477],[-100.995972,25.456867],[-100.992471,25.455861],[-100.989133,25.454475],[-100.986009,25.452728],[-100.983147,25.450648],[-100.980589,25.448266],[-100.978375,25.445618],[-100.976538,25.442744],[-100.975106,25.439688],[-100.974101,25.436497],[-100.973537,25.433218],[-100.973424,25.429902],[-100.973763,25.426598],[-100.974549,25.423357],[-100.97577,25.420227],[-100.977408,25.417257],[-100.979437,25.414491],[-100.981827,25.411971],[-100.984543,25.409736],[-100.987541,25.407819],[-100.990778,25.406249],[-100.994204,25.40505],[-100.997767,25.404241],[-101.001414,25.403833],[-101.005088,25.403833],[-101.008734,25.404241],[-101.012297,25.40505],[-101.015723,25.406249],[-101.01896,25.407819],[-101.021959,25.409736],[-101.024674,25.411971],[-101.027064,25.414491],[-101.029094,25.417257],[-101.030731,25.420227],[-101.031952,25.423357],[-101.032738,25.426598],[-101.033077,25.429902],[-101.032964,25.433218],[-101.032401,25.436497],[-101.031395,25.439688],[-101.029963,25.442744],[-101.028126,25.445618],[-101.025912,25.448266],[-101.023354,25.450648],[-101.020492,25.452728],[-101.017368,25.454475],[-101.01403,25.455861],[-101.010529,25.456867],[-101.006918,25.457477],[-101.003251,25.457681]]]}}",1930321885,Honest Food (Saltillo Centro) - Turbo,25.4307317,-101.0032506
"{""type"":""Feature"",""properties"":{""Store ID"":1930321833,""Store Name"":""Honest Food (Santa Catarina) - Turbo"",""STORE_LAT"":25.67472236,""STORE_LNG"":-100.4256715},""geometry"":{""type"":""Polygon"",""coordinates"":[[[-100.425672,25.701672],[-100.421997,25.701468],[-100.418378,25.700858],[-100.41487,25.699852],[-100.411525,25.698465],[-100.408395,25.696718],[-100.405527,25.694638],[-100.402964,25.692256],[-100.400745,25.689608],[-100.398905,25.686735],[-100.39747,25.683679],[-100.396462,25.680488],[-100.395897,25.677209],[-100.395784,25.673892],[-100.396124,25.670589],[-100.396911,25.667347],[-100.398135,25.664218],[-100.399776,25.661248],[-100.401809,25.658482],[-100.404205,25.655962],[-100.406925,25.653727],[-100.40993,25.651809],[-100.413174,25.65024],[-100.416607,25.649041],[-100.420177,25.648232],[-100.423831,25.647824],[-100.427512,25.647824],[-100.431166,25.648232],[-100.434736,25.649041],[-100.438169,25.65024],[-100.441413,25.651809],[-100.444418,25.653727],[-100.447138,25.655962],[-100.449534,25.658482],[-100.451567,25.661248],[-100.453208,25.664218],[-100.454432,25.667347],[-100.455219,25.670589],[-100.455559,25.673892],[-100.455446,25.677209],[-100.454881,25.680488],[-100.453873,25.683679],[-100.452438,25.686735],[-100.450598,25.689608],[-100.448379,25.692256],[-100.445816,25.694638],[-100.442948,25.696718],[-100.439818,25.698465],[-100.436473,25.699852],[-100.432965,25.700858],[-100.429346,25.701468],[-100.425672,25.701672]]]}}",1930321833,Honest Food (Santa Catarina) - Turbo,25.67472236,-100.4256715
"{""type"":""Feature"",""properties"":{""Store ID"":1930321834,""Store Name"":""Honest Food (Santa Teresita) - Turbo"",""STORE_LAT"":20.67700865,""STORE_LNG"":-103.3760136},""geometry"":{""type"":""Polygon"",""coordinates"":[[[-103.376014,20.703958],[-103.372474,20.703754],[-103.368988,20.703144],[-103.365608,20.702138],[-103.362386,20.700751],[-103.359371,20.699005],[-103.356608,20.696925],[-103.354139,20.694542],[-103.352002,20.691895],[-103.350229,20.689021],[-103.348846,20.685965],[-103.347876,20.682774],[-103.347332,20.679495],[-103.347222,20.676179],[-103.34755,20.672875],[-103.348308,20.669634],[-103.349487,20.666504],[-103.351068,20.663534],[-103.353027,20.660768],[-103.355334,20.658248],[-103.357955,20.656013],[-103.36085,20.654096],[-103.363974,20.652526],[-103.367281,20.651327],[-103.370721,20.650518],[-103.37424,20.65011],[-103.377787,20.65011],[-103.381306,20.650518],[-103.384746,20.651327],[-103.388053,20.652526],[-103.391177,20.654096],[-103.394072,20.656013],[-103.396693,20.658248],[-103.399,20.660768],[-103.400959,20.663534],[-103.40254,20.666504],[-103.403719,20.669634],[-103.404478,20.672875],[-103.404805,20.676179],[-103.404696,20.679495],[-103.404152,20.682774],[-103.403181,20.685965],[-103.401799,20.689021],[-103.400025,20.691895],[-103.397888,20.694542],[-103.395419,20.696925],[-103.392656,20.699005],[-103.389641,20.700751],[-103.386419,20.702138],[-103.38304,20.703144],[-103.379553,20.703754],[-103.376014,20.703958]]]}}",1930321834,Honest Food (Santa Teresita) - Turbo,20.67700865,-103.3760136
"{""type"":""Feature"",""properties"":{""Store ID"":1930321917,""Store Name"":""Honest Food (tabachines) - Turbo"",""STORE_LAT"":20.7284371,""STORE_LNG"":-103.3870875},""geometry"":{""type"":""Polygon"",""coordinates"":[[[-103.387088,20.755387],[-103.383547,20.755182],[-103.380059,20.754573],[-103.376678,20.753567],[-103.373455,20.75218],[-103.370439,20.750433],[-103.367675,20.748353],[-103.365205,20.745971],[-103.363068,20.743323],[-103.361294,20.74045],[-103.359911,20.737394],[-103.35894,20.734202],[-103.358396,20.730924],[-103.358286,20.727607],[-103.358614,20.724303],[-103.359373,20.721062],[-103.360552,20.717933],[-103.362133,20.714962],[-103.364093,20.712196],[-103.366401,20.709677],[-103.369023,20.707441],[-103.371919,20.705524],[-103.375044,20.703954],[-103.378352,20.702756],[-103.381793,20.701947],[-103.385314,20.701539],[-103.388861,20.701539],[-103.392382,20.701947],[-103.395823,20.702756],[-103.399131,20.703954],[-103.402256,20.705524],[-103.405152,20.707441],[-103.407774,20.709677],[-103.410082,20.712196],[-103.412042,20.714962],[-103.413623,20.717933],[-103.414802,20.721062],[-103.415561,20.724303],[-103.415889,20.727607],[-103.415779,20.730924],[-103.415235,20.734202],[-103.414264,20.737394],[-103.412881,20.74045],[-103.411107,20.743323],[-103.40897,20.745971],[-103.4065,20.748353],[-103.403736,20.750433],[-103.40072,20.75218],[-103.397497,20.753567],[-103.394116,20.754573],[-103.390628,20.755182],[-103.387088,20.755387]]]}}",1930321917,Honest Food (tabachines) - Turbo,20.7284371,-103.3870875
"{""type"":""Feature"",""properties"":{""Store ID"":1930390385,""Store Name"":""House of Salads (Lindavista) - Turbo"",""STORE_LAT"":19.4913645,""STORE_LNG"":-99.1533847},""geometry"":{""type"":""Polygon"",""coordinates"":[[[-99.153385,19.518314],[-99.149872,19.51811],[-99.146412,19.5175],[-99.143058,19.516494],[-99.13986,19.515107],[-99.136867,19.513361],[-99.134125,19.51128],[-99.131675,19.508898],[-99.129554,19.50625],[-99.127794,19.503377],[-99.126422,19.500321],[-99.125459,19.49713],[-99.124919,19.493851],[-99.12481,19.490535],[-99.125135,19.487231],[-99.125888,19.483989],[-99.127058,19.48086],[-99.128627,19.47789],[-99.130571,19.475124],[-99.132861,19.472604],[-99.135462,19.470369],[-99.138335,19.468452],[-99.141436,19.466882],[-99.144718,19.465683],[-99.148132,19.464874],[-99.151625,19.464466],[-99.155145,19.464466],[-99.158638,19.464874],[-99.162051,19.465683],[-99.165333,19.466882],[-99.168434,19.468452],[-99.171307,19.470369],[-99.173908,19.472604],[-99.176198,19.475124],[-99.178142,19.47789],[-99.179711,19.48086],[-99.180881,19.483989],[-99.181634,19.487231],[-99.181959,19.490535],[-99.181851,19.493851],[-99.181311,19.49713],[-99.180347,19.500321],[-99.178975,19.503377],[-99.177216,19.50625],[-99.175094,19.508898],[-99.172644,19.51128],[-99.169902,19.513361],[-99.166909,19.515107],[-99.163712,19.516494],[-99.160358,19.5175],[-99.156898,19.51811],[-99.153385,19.518314]]]}}",1930390385,House of Salads (Lindavista) - Turbo,19.4913645,-99.1533847
"{""type"":""Feature"",""properties"":{""Store ID"":1930321676,""Store Name"":""House Of Salads (Doctores) - Turbo"",""STORE_LAT"":19.42012776,""STORE_LNG"":-99.14608816},""geometry"":{""type"":""Polygon"",""coordinates"":[[[-99.146088,19.447077],[-99.142577,19.446873],[-99.139118,19.446263],[-99.135766,19.445257],[-99.132569,19.443871],[-99.129578,19.442124],[-99.126837,19.440044],[-99.124388,19.437662],[-99.122268,19.435014],[-99.120509,19.43214],[-99.119137,19.429085],[-99.118175,19.425893],[-99.117635,19.422614],[-99.117526,19.419298],[-99.117851,19.415994],[-99.118604,19.412753],[-99.119773,19.409623],[-99.121341,19.406653],[-99.123285,19.403887],[-99.125574,19.401367],[-99.128174,19.399132],[-99.131045,19.397215],[-99.134145,19.395645],[-99.137426,19.394446],[-99.140837,19.393637],[-99.144329,19.393229],[-99.147847,19.393229],[-99.151339,19.393637],[-99.154751,19.394446],[-99.158031,19.395645],[-99.161131,19.397215],[-99.164003,19.399132],[-99.166603,19.401367],[-99.168892,19.403887],[-99.170835,19.406653],[-99.172403,19.409623],[-99.173573,19.412753],[-99.174325,19.415994],[-99.17465,19.419298],[-99.174541,19.422614],[-99.174002,19.425893],[-99.173039,19.429085],[-99.171668,19.43214],[-99.169909,19.435014],[-99.167788,19.437662],[-99.165339,19.440044],[-99.162598,19.442124],[-99.159607,19.443871],[-99.156411,19.445257],[-99.153058,19.446263],[-99.1496,19.446873],[-99.146088,19.447077]]]}}",1930321676,House Of Salads (Doctores) - Turbo,19.42012776,-99.14608816
"{""type"":""Feature"",""properties"":{""Store ID"":1930319253,""Store Name"":""House Of Salads (San Ángel) - Turbo"",""STORE_LAT"":19.3472217,""STORE_LNG"":-99.1904483},""geometry"":{""type"":""Polygon"",""coordinates"":[[[-99.190448,19.374171],[-99.186938,19.373967],[-99.183482,19.373357],[-99.18013,19.372351],[-99.176936,19.370965],[-99.173946,19.369218],[-99.171206,19.367138],[-99.168758,19.364756],[-99.166639,19.362108],[-99.16488,19.359234],[-99.16351,19.356178],[-99.162547,19.352987],[-99.162008,19.349708],[-99.161899,19.346392],[-99.162224,19.343088],[-99.162976,19.339847],[-99.164145,19.336717],[-99.165713,19.333747],[-99.167655,19.330981],[-99.169943,19.328461],[-99.172542,19.326226],[-99.175412,19.324309],[-99.17851,19.322739],[-99.18179,19.32154],[-99.1852,19.320731],[-99.18869,19.320323],[-99.192207,19.320323],[-99.195697,19.320731],[-99.199107,19.32154],[-99.202386,19.322739],[-99.205484,19.324309],[-99.208355,19.326226],[-99.210954,19.328461],[-99.213242,19.330981],[-99.215184,19.333747],[-99.216752,19.336717],[-99.21792,19.339847],[-99.218673,19.343088],[-99.218997,19.346392],[-99.218889,19.349708],[-99.218349,19.352987],[-99.217387,19.356178],[-99.216016,19.359234],[-99.214258,19.362108],[-99.212139,19.364756],[-99.209691,19.367138],[-99.206951,19.369218],[-99.203961,19.370965],[-99.200766,19.372351],[-99.197415,19.373357],[-99.193958,19.373967],[-99.190448,19.374171]]]}}",1930319253,House Of Salads (San Ángel) - Turbo,19.3472217,-99.1904483
"{""type"":""Feature"",""properties"":{""Store ID"":1930329028,""Store Name"":""House Of Salads (Montejo) - Turbo"",""STORE_LAT"":21.0099875,""STORE_LNG"":-89.6234219},""geometry"":{""type"":""Polygon"",""coordinates"":[[[-89.623422,21.036937],[-89.619874,21.036733],[-89.61638,21.036123],[-89.612993,21.035117],[-89.609764,21.03373],[-89.606742,21.031984],[-89.603973,21.029903],[-89.601499,21.027521],[-89.599357,21.024873],[-89.59758,21.022],[-89.596194,21.018944],[-89.595222,21.015753],[-89.594676,21.012474],[-89.594567,21.009158],[-89.594895,21.005854],[-89.595655,21.002612],[-89.596837,20.999483],[-89.598421,20.996513],[-89.600384,20.993747],[-89.602697,20.991227],[-89.605323,20.988992],[-89.608224,20.987075],[-89.611356,20.985505],[-89.61467,20.984306],[-89.618117,20.983497],[-89.621645,20.983089],[-89.625199,20.983089],[-89.628727,20.983497],[-89.632174,20.984306],[-89.635488,20.985505],[-89.638619,20.987075],[-89.64152,20.988992],[-89.644147,20.991227],[-89.64646,20.993747],[-89.648423,20.996513],[-89.650007,20.999483],[-89.651189,21.002612],[-89.651949,21.005854],[-89.652277,21.009158],[-89.652167,21.012474],[-89.651622,21.015753],[-89.65065,21.018944],[-89.649264,21.022],[-89.647487,21.024873],[-89.645345,21.027521],[-89.642871,21.029903],[-89.640101,21.031984],[-89.63708,21.03373],[-89.63385,21.035117],[-89.630463,21.036123],[-89.62697,21.036733],[-89.623422,21.036937]]]}}",1930329028,House Of Salads (Montejo) - Turbo,21.0099875,-89.6234219
"{""type"":""Feature"",""properties"":{""Store ID"":1930372837,""Store Name"":""House Of Salads (Polanco)-Turbo"",""STORE_LAT"":19.4443812,""STORE_LNG"":-99.1989995},""geometry"":{""type"":""Polygon"",""coordinates"":[[[-99.198999,19.471331],[-99.195487,19.471126],[-99.192029,19.470517],[-99.188675,19.469511],[-99.185479,19.468124],[-99.182487,19.466377],[-99.179746,19.464297],[-99.177296,19.461915],[-99.175176,19.459267],[-99.173416,19.456394],[-99.172045,19.453338],[-99.171082,19.450147],[-99.170542,19.446868],[-99.170434,19.443551],[-99.170758,19.440247],[-99.171511,19.437006],[-99.17268,19.433877],[-99.174249,19.430906],[-99.176193,19.428141],[-99.178482,19.425621],[-99.181082,19.423385],[-99.183954,19.421468],[-99.187054,19.419899],[-99.190336,19.4187],[-99.193748,19.417891],[-99.19724,19.417483],[-99.200759,19.417483],[-99.204251,19.417891],[-99.207663,19.4187],[-99.210945,19.419899],[-99.214045,19.421468],[-99.216917,19.423385],[-99.219517,19.425621],[-99.221806,19.428141],[-99.22375,19.430906],[-99.225319,19.433877],[-99.226488,19.437006],[-99.227241,19.440247],[-99.227565,19.443551],[-99.227457,19.446868],[-99.226917,19.450147],[-99.225954,19.453338],[-99.224583,19.456394],[-99.222823,19.459267],[-99.220703,19.461915],[-99.218253,19.464297],[-99.215512,19.466377],[-99.21252,19.468124],[-99.209324,19.469511],[-99.20597,19.470517],[-99.202512,19.471126],[-99.198999,19.471331]]]}}",1930372837,House Of Salads (Polanco)-Turbo,19.4443812,-99.1989995
"{""type"":""Feature"",""properties"":{""Store ID"":1930372875,""Store Name"":""House Of Salads (Saltillo Centro) - Turbo"",""STORE_LAT"":25.4307317,""STORE_LNG"":-101.0032506},""geometry"":{""type"":""Polygon"",""coordinates"":[[[-101.003251,25.457681],[-100.999584,25.457477],[-100.995972,25.456867],[-100.992471,25.455861],[-100.989133,25.454475],[-100.986009,25.452728],[-100.983147,25.450648],[-100.980589,25.448266],[-100.978375,25.445618],[-100.976538,25.442744],[-100.975106,25.439688],[-100.974101,25.436497],[-100.973537,25.433218],[-100.973424,25.429902],[-100.973763,25.426598],[-100.974549,25.423357],[-100.97577,25.420227],[-100.977408,25.417257],[-100.979437,25.414491],[-100.981827,25.411971],[-100.984543,25.409736],[-100.987541,25.407819],[-100.990778,25.406249],[-100.994204,25.40505],[-100.997767,25.404241],[-101.001414,25.403833],[-101.005088,25.403833],[-101.008734,25.404241],[-101.012297,25.40505],[-101.015723,25.406249],[-101.01896,25.407819],[-101.021959,25.409736],[-101.024674,25.411971],[-101.027064,25.414491],[-101.029094,25.417257],[-101.030731,25.420227],[-101.031952,25.423357],[-101.032738,25.426598],[-101.033077,25.429902],[-101.032964,25.433218],[-101.032401,25.436497],[-101.031395,25.439688],[-101.029963,25.442744],[-101.028126,25.445618],[-101.025912,25.448266],[-101.023354,25.450648],[-101.020492,25.452728],[-101.017368,25.454475],[-101.01403,25.455861],[-101.010529,25.456867],[-101.006918,25.457477],[-101.003251,25.457681]]]}}",1930372875,House Of Salads (Saltillo Centro) - Turbo,25.4307317,-101.0032506
"{""type"":""Feature"",""properties"":{""Store ID"":1930321183,""Store Name"":""House Of Salads (Tabachines) - Turbo"",""STORE_LAT"":20.7284291,""STORE_LNG"":-103.3870886},""geometry"":{""type"":""Polygon"",""coordinates"":[[[-103.387089,20.755379],[-103.383548,20.755174],[-103.38006,20.754565],[-103.37668,20.753559],[-103.373457,20.752172],[-103.37044,20.750425],[-103.367676,20.748345],[-103.365207,20.745963],[-103.363069,20.743315],[-103.361295,20.740442],[-103.359912,20.737386],[-103.358941,20.734194],[-103.358397,20.730916],[-103.358288,20.727599],[-103.358615,20.724295],[-103.359374,20.721054],[-103.360553,20.717925],[-103.362134,20.714954],[-103.364094,20.712188],[-103.366402,20.709669],[-103.369024,20.707433],[-103.37192,20.705516],[-103.375045,20.703946],[-103.378353,20.702748],[-103.381794,20.701939],[-103.385315,20.701531],[-103.388862,20.701531],[-103.392383,20.701939],[-103.395824,20.702748],[-103.399132,20.703946],[-103.402258,20.705516],[-103.405153,20.707433],[-103.407775,20.709669],[-103.410083,20.712188],[-103.412043,20.714954],[-103.413624,20.717925],[-103.414803,20.721054],[-103.415562,20.724295],[-103.41589,20.727599],[-103.41578,20.730916],[-103.415236,20.734194],[-103.414265,20.737386],[-103.412882,20.740442],[-103.411109,20.743315],[-103.408971,20.745963],[-103.406501,20.748345],[-103.403737,20.750425],[-103.400721,20.752172],[-103.397498,20.753559],[-103.394117,20.754565],[-103.39063,20.755174],[-103.387089,20.755379]]]}}",1930321183,House Of Salads (Tabachines) - Turbo,20.7284291,-103.3870886
"{""type"":""Feature"",""properties"":{""Store ID"":1930322245,""Store Name"":""La Panquequería - Ciudad Judicial - Turbo"",""STORE_LAT"":19.01435793,""STORE_LNG"":-98.26954739},""geometry"":{""type"":""Polygon"",""coordinates"":[[[-98.269547,19.041307],[-98.266044,19.041103],[-98.262595,19.040493],[-98.25925,19.039488],[-98.256062,19.038101],[-98.253078,19.036354],[-98.250344,19.034274],[-98.247901,19.031892],[-98.245786,19.029244],[-98.244031,19.02637],[-98.242663,19.023315],[-98.241703,19.020123],[-98.241164,19.016845],[-98.241056,19.013528],[-98.24138,19.010224],[-98.242131,19.006983],[-98.243297,19.003853],[-98.244862,19.000883],[-98.2468,18.998117],[-98.249083,18.995597],[-98.251677,18.993362],[-98.254542,18.991445],[-98.257634,18.989875],[-98.260906,18.988677],[-98.26431,18.987867],[-98.267793,18.98746],[-98.271302,18.98746],[-98.274785,18.987867],[-98.278189,18.988677],[-98.281461,18.989875],[-98.284553,18.991445],[-98.287418,18.993362],[-98.290011,18.995597],[-98.292295,18.998117],[-98.294233,19.000883],[-98.295798,19.003853],[-98.296964,19.006983],[-98.297715,19.010224],[-98.298039,19.013528],[-98.297931,19.016845],[-98.297392,19.020123],[-98.296432,19.023315],[-98.295064,19.02637],[-98.293309,19.029244],[-98.291194,19.031892],[-98.288751,19.034274],[-98.286017,19.036354],[-98.283033,19.038101],[-98.279844,19.039488],[-98.2765,19.040493],[-98.27305,19.041103],[-98.269547,19.041307]]]}}",1930322245,La Panquequería - Ciudad Judicial - Turbo,19.01435793,-98.26954739
"{""type"":""Feature"",""properties"":{""Store ID"":1930322224,""Store Name"":""La Panquequería - Lindavista - Turbo"",""STORE_LAT"":19.4914558,""STORE_LNG"":-99.1531089},""geometry"":{""type"":""Polygon"",""coordinates"":[[[-99.153109,19.518405],[-99.149596,19.518201],[-99.146136,19.517591],[-99.142782,19.516585],[-99.139584,19.515199],[-99.136592,19.513452],[-99.133849,19.511372],[-99.131399,19.50899],[-99.129278,19.506342],[-99.127518,19.503468],[-99.126146,19.500413],[-99.125183,19.497221],[-99.124643,19.493942],[-99.124535,19.490626],[-99.124859,19.487322],[-99.125612,19.484081],[-99.126782,19.480951],[-99.128351,19.477981],[-99.130295,19.475215],[-99.132585,19.472695],[-99.135187,19.47046],[-99.138059,19.468543],[-99.14116,19.466973],[-99.144442,19.465775],[-99.147856,19.464965],[-99.151349,19.464557],[-99.154869,19.464557],[-99.158362,19.464965],[-99.161775,19.465775],[-99.165057,19.466973],[-99.168158,19.468543],[-99.171031,19.47046],[-99.173632,19.472695],[-99.175922,19.475215],[-99.177867,19.477981],[-99.179436,19.480951],[-99.180605,19.484081],[-99.181358,19.487322],[-99.181683,19.490626],[-99.181575,19.493942],[-99.181035,19.497221],[-99.180072,19.500413],[-99.1787,19.503468],[-99.17694,19.506342],[-99.174819,19.50899],[-99.172368,19.511372],[-99.169626,19.513452],[-99.166634,19.515199],[-99.163436,19.516585],[-99.160082,19.517591],[-99.156622,19.518201],[-99.153109,19.518405]]]}}",1930322224,La Panquequería - Lindavista - Turbo,19.4914558,-99.1531089
"{""type"":""Feature"",""properties"":{""Store ID"":1930322227,""Store Name"":""La Panquequería - Coapa - Turbo"",""STORE_LAT"":19.3053544,""STORE_LNG"":-99.1270867},""geometry"":{""type"":""Polygon"",""coordinates"":[[[-99.127087,19.332304],[-99.123578,19.3321],[-99.120122,19.33149],[-99.116771,19.330484],[-99.113577,19.329097],[-99.110588,19.32735],[-99.107849,19.32527],[-99.105402,19.322888],[-99.103283,19.32024],[-99.101525,19.317367],[-99.100155,19.314311],[-99.099193,19.31112],[-99.098653,19.307841],[-99.098545,19.304524],[-99.09887,19.301221],[-99.099622,19.297979],[-99.10079,19.29485],[-99.102357,19.29188],[-99.104299,19.289114],[-99.106587,19.286594],[-99.109185,19.284359],[-99.112054,19.282442],[-99.115152,19.280872],[-99.11843,19.279673],[-99.12184,19.278864],[-99.125329,19.278456],[-99.128845,19.278456],[-99.132334,19.278864],[-99.135743,19.279673],[-99.139022,19.280872],[-99.142119,19.282442],[-99.144989,19.284359],[-99.147587,19.286594],[-99.149874,19.289114],[-99.151816,19.29188],[-99.153383,19.29485],[-99.154552,19.297979],[-99.155304,19.301221],[-99.155628,19.304524],[-99.15552,19.307841],[-99.154981,19.31112],[-99.154019,19.314311],[-99.152648,19.317367],[-99.15089,19.32024],[-99.148772,19.322888],[-99.146324,19.32527],[-99.143585,19.32735],[-99.140596,19.329097],[-99.137402,19.330484],[-99.134052,19.33149],[-99.130596,19.3321],[-99.127087,19.332304]]]}}",1930322227,La Panquequería - Coapa - Turbo,19.3053544,-99.1270867
"{""type"":""Feature"",""properties"":{""Store ID"":1930294801,""Store Name"":""La Panquequería - Tec - Turbo"",""STORE_LAT"":25.6559138,""STORE_LNG"":-100.2920659},""geometry"":{""type"":""Polygon"",""coordinates"":[[[-100.292066,25.682863],[-100.288392,25.682659],[-100.284774,25.682049],[-100.281266,25.681043],[-100.277922,25.679657],[-100.274792,25.67791],[-100.271924,25.67583],[-100.269362,25.673448],[-100.267144,25.6708],[-100.265303,25.667926],[-100.263868,25.664871],[-100.262861,25.661679],[-100.262296,25.6584],[-100.262183,25.655084],[-100.262523,25.65178],[-100.26331,25.648539],[-100.264534,25.645409],[-100.266174,25.642439],[-100.268208,25.639673],[-100.270602,25.637153],[-100.273323,25.634918],[-100.276327,25.633001],[-100.27957,25.631431],[-100.283003,25.630233],[-100.286572,25.629423],[-100.290225,25.629015],[-100.293906,25.629015],[-100.297559,25.629423],[-100.301129,25.630233],[-100.304562,25.631431],[-100.307805,25.633001],[-100.310809,25.634918],[-100.313529,25.637153],[-100.315924,25.639673],[-100.317957,25.642439],[-100.319598,25.645409],[-100.320822,25.648539],[-100.321609,25.65178],[-100.321949,25.655084],[-100.321835,25.6584],[-100.321271,25.661679],[-100.320263,25.664871],[-100.318829,25.667926],[-100.316988,25.6708],[-100.31477,25.673448],[-100.312207,25.67583],[-100.30934,25.67791],[-100.30621,25.679657],[-100.302866,25.681043],[-100.299358,25.682049],[-100.29574,25.682659],[-100.292066,25.682863]]]}}",1930294801,La Panquequería - Tec - Turbo,25.6559138,-100.2920659
"{""type"":""Feature"",""properties"":{""Store ID"":1930294803,""Store Name"":""La Panquequería - Doctores - Turbo"",""STORE_LAT"":19.4201277,""STORE_LNG"":-99.1460893},""geometry"":{""type"":""Polygon"",""coordinates"":[[[-99.146089,19.447077],[-99.142578,19.446873],[-99.139119,19.446263],[-99.135767,19.445257],[-99.132571,19.443871],[-99.129579,19.442124],[-99.126838,19.440044],[-99.124389,19.437662],[-99.122269,19.435014],[-99.12051,19.43214],[-99.119138,19.429084],[-99.118176,19.425893],[-99.117636,19.422614],[-99.117528,19.419298],[-99.117852,19.415994],[-99.118605,19.412753],[-99.119774,19.409623],[-99.121342,19.406653],[-99.123286,19.403887],[-99.125575,19.401367],[-99.128175,19.399132],[-99.131046,19.397215],[-99.134146,19.395645],[-99.137427,19.394446],[-99.140839,19.393637],[-99.14433,19.393229],[-99.147848,19.393229],[-99.15134,19.393637],[-99.154752,19.394446],[-99.158033,19.395645],[-99.161132,19.397215],[-99.164004,19.399132],[-99.166604,19.401367],[-99.168893,19.403887],[-99.170836,19.406653],[-99.172404,19.409623],[-99.173574,19.412753],[-99.174326,19.415994],[-99.174651,19.419298],[-99.174543,19.422614],[-99.174003,19.425893],[-99.17304,19.429084],[-99.171669,19.43214],[-99.16991,19.435014],[-99.167789,19.437662],[-99.16534,19.440044],[-99.162599,19.442124],[-99.159608,19.443871],[-99.156412,19.445257],[-99.153059,19.446263],[-99.149601,19.446873],[-99.146089,19.447077]]]}}",1930294803,La Panquequería - Doctores - Turbo,19.4201277,-99.1460893
"{""type"":""Feature"",""properties"":{""Store ID"":1930322230,""Store Name"":""La Panquequería - Del Valle - Turbo"",""STORE_LAT"":19.37391088,""STORE_LNG"":-99.18908851},""geometry"":{""type"":""Polygon"",""coordinates"":[[[-99.189089,19.40086],[-99.185578,19.400656],[-99.182121,19.400046],[-99.178769,19.399041],[-99.175574,19.397654],[-99.172583,19.395907],[-99.169843,19.393827],[-99.167395,19.391445],[-99.165275,19.388797],[-99.163516,19.385923],[-99.162145,19.382868],[-99.161183,19.379676],[-99.160643,19.376397],[-99.160535,19.373081],[-99.160859,19.369777],[-99.161612,19.366536],[-99.162781,19.363406],[-99.164349,19.360436],[-99.166291,19.35767],[-99.16858,19.35515],[-99.171179,19.352915],[-99.17405,19.350998],[-99.177149,19.349428],[-99.180428,19.34823],[-99.183839,19.34742],[-99.18733,19.347013],[-99.190847,19.347013],[-99.194338,19.34742],[-99.197749,19.34823],[-99.201028,19.349428],[-99.204127,19.350998],[-99.206998,19.352915],[-99.209597,19.35515],[-99.211886,19.35767],[-99.213828,19.360436],[-99.215396,19.363406],[-99.216565,19.366536],[-99.217318,19.369777],[-99.217642,19.373081],[-99.217534,19.376397],[-99.216994,19.379676],[-99.216032,19.382868],[-99.214661,19.385923],[-99.212902,19.388797],[-99.210783,19.391445],[-99.208334,19.393827],[-99.205594,19.395907],[-99.202603,19.397654],[-99.199408,19.399041],[-99.196056,19.400046],[-99.192599,19.400656],[-99.189089,19.40086]]]}}",1930322230,La Panquequería - Del Valle - Turbo,19.37391088,-99.18908851
"{""type"":""Feature"",""properties"":{""Store ID"":1930289215,""Store Name"":""La Panquequería - San Ángel - Turbo"",""STORE_LAT"":19.3472217,""STORE_LNG"":-99.1904483},""geometry"":{""type"":""Polygon"",""coordinates"":[[[-99.190448,19.374171],[-99.186938,19.373967],[-99.183482,19.373357],[-99.18013,19.372351],[-99.176936,19.370965],[-99.173946,19.369218],[-99.171206,19.367138],[-99.168758,19.364756],[-99.166639,19.362108],[-99.16488,19.359234],[-99.16351,19.356178],[-99.162547,19.352987],[-99.162008,19.349708],[-99.161899,19.346392],[-99.162224,19.343088],[-99.162976,19.339847],[-99.164145,19.336717],[-99.165713,19.333747],[-99.167655,19.330981],[-99.169943,19.328461],[-99.172542,19.326226],[-99.175412,19.324309],[-99.17851,19.322739],[-99.18179,19.32154],[-99.1852,19.320731],[-99.18869,19.320323],[-99.192207,19.320323],[-99.195697,19.320731],[-99.199107,19.32154],[-99.202386,19.322739],[-99.205484,19.324309],[-99.208355,19.326226],[-99.210954,19.328461],[-99.213242,19.330981],[-99.215184,19.333747],[-99.216752,19.336717],[-99.21792,19.339847],[-99.218673,19.343088],[-99.218997,19.346392],[-99.218889,19.349708],[-99.218349,19.352987],[-99.217387,19.356178],[-99.216016,19.359234],[-99.214258,19.362108],[-99.212139,19.364756],[-99.209691,19.367138],[-99.206951,19.369218],[-99.203961,19.370965],[-99.200766,19.372351],[-99.197415,19.373357],[-99.193958,19.373967],[-99.190448,19.374171]]]}}",1930289215,La Panquequería - San Ángel - Turbo,19.3472217,-99.1904483
"{""type"":""Feature"",""properties"":{""Store ID"":1930292029,""Store Name"":""La Panquequería - Jardines - Turbo"",""STORE_LAT"":20.6871586,""STORE_LNG"":-103.4241984},""geometry"":{""type"":""Polygon"",""coordinates"":[[[-103.424198,20.714108],[-103.420658,20.713904],[-103.417172,20.713294],[-103.413792,20.712288],[-103.41057,20.710901],[-103.407555,20.709155],[-103.404791,20.707074],[-103.402322,20.704692],[-103.400185,20.702045],[-103.398412,20.699171],[-103.397029,20.696115],[-103.396058,20.692924],[-103.395514,20.689645],[-103.395405,20.686329],[-103.395732,20.683025],[-103.396491,20.679784],[-103.39767,20.676654],[-103.399251,20.673684],[-103.40121,20.670918],[-103.403518,20.668398],[-103.406139,20.666163],[-103.409034,20.664246],[-103.412158,20.662676],[-103.415466,20.661477],[-103.418905,20.660668],[-103.422425,20.66026],[-103.425972,20.66026],[-103.429492,20.660668],[-103.432931,20.661477],[-103.436239,20.662676],[-103.439363,20.664246],[-103.442258,20.666163],[-103.444879,20.668398],[-103.447187,20.670918],[-103.449146,20.673684],[-103.450727,20.676654],[-103.451906,20.679784],[-103.452664,20.683025],[-103.452992,20.686329],[-103.452882,20.689645],[-103.452338,20.692924],[-103.451368,20.696115],[-103.449985,20.699171],[-103.448212,20.702045],[-103.446074,20.704692],[-103.443605,20.707074],[-103.440842,20.709155],[-103.437827,20.710901],[-103.434605,20.712288],[-103.431225,20.713294],[-103.427738,20.713904],[-103.424198,20.714108]]]}}",1930292029,La Panquequería - Jardines - Turbo,20.6871586,-103.4241984
"{""type"":""Feature"",""properties"":{""Store ID"":1930322219,""Store Name"":""La Panquequería - La Calma - Turbo"",""STORE_LAT"":20.64006033,""STORE_LNG"":-103.420092},""geometry"":{""type"":""Polygon"",""coordinates"":[[[-103.420092,20.66701],[-103.416553,20.666806],[-103.413068,20.666196],[-103.409689,20.66519],[-103.406468,20.663803],[-103.403453,20.662056],[-103.400691,20.659976],[-103.398223,20.657594],[-103.396086,20.654946],[-103.394313,20.652073],[-103.392931,20.649017],[-103.391961,20.645826],[-103.391417,20.642547],[-103.391308,20.63923],[-103.391635,20.635927],[-103.392393,20.632685],[-103.393572,20.629556],[-103.395152,20.626586],[-103.397111,20.62382],[-103.399418,20.6213],[-103.402038,20.619065],[-103.404932,20.617147],[-103.408056,20.615578],[-103.411362,20.614379],[-103.4148,20.61357],[-103.418319,20.613162],[-103.421865,20.613162],[-103.425384,20.61357],[-103.428822,20.614379],[-103.432128,20.615578],[-103.435252,20.617147],[-103.438146,20.619065],[-103.440766,20.6213],[-103.443073,20.62382],[-103.445032,20.626586],[-103.446612,20.629556],[-103.447791,20.632685],[-103.448549,20.635927],[-103.448876,20.63923],[-103.448767,20.642547],[-103.448223,20.645826],[-103.447253,20.649017],[-103.445871,20.652073],[-103.444098,20.654946],[-103.441961,20.657594],[-103.439493,20.659976],[-103.436731,20.662056],[-103.433716,20.663803],[-103.430495,20.66519],[-103.427116,20.666196],[-103.423631,20.666806],[-103.420092,20.66701]]]}}",1930322219,La Panquequería - La Calma - Turbo,20.64006033,-103.420092
"{""type"":""Feature"",""properties"":{""Store ID"":1930310139,""Store Name"":""La Panquequería - Montejo - Turbo"",""STORE_LAT"":21.0100668,""STORE_LNG"":-89.62338804},""geometry"":{""type"":""Polygon"",""coordinates"":[[[-89.623388,21.037016],[-89.61984,21.036812],[-89.616347,21.036202],[-89.612959,21.035196],[-89.60973,21.03381],[-89.606708,21.032063],[-89.603939,21.029983],[-89.601465,21.027601],[-89.599323,21.024953],[-89.597546,21.022079],[-89.59616,21.019024],[-89.595188,21.015832],[-89.594642,21.012553],[-89.594533,21.009237],[-89.594861,21.005933],[-89.595621,21.002692],[-89.596803,20.999562],[-89.598387,20.996592],[-89.60035,20.993826],[-89.602663,20.991306],[-89.60529,20.989071],[-89.608191,20.987154],[-89.611322,20.985584],[-89.614636,20.984386],[-89.618083,20.983576],[-89.621611,20.983168],[-89.625165,20.983168],[-89.628693,20.983576],[-89.63214,20.984386],[-89.635454,20.985584],[-89.638585,20.987154],[-89.641487,20.989071],[-89.644113,20.991306],[-89.646426,20.993826],[-89.648389,20.996592],[-89.649973,20.999562],[-89.651155,21.002692],[-89.651915,21.005933],[-89.652243,21.009237],[-89.652134,21.012553],[-89.651588,21.015832],[-89.650616,21.019024],[-89.64923,21.022079],[-89.647453,21.024953],[-89.645311,21.027601],[-89.642837,21.029983],[-89.640068,21.032063],[-89.637046,21.03381],[-89.633817,21.035196],[-89.63043,21.036202],[-89.626936,21.036812],[-89.623388,21.037016]]]}}",1930310139,La Panquequería - Montejo - Turbo,21.0100668,-89.62338804
"{""type"":""Feature"",""properties"":{""Store ID"":1930289214,""Store Name"":""La Panquequería - San Jerónimo - Turbo"",""STORE_LAT"":25.6754976,""STORE_LNG"":-100.3533863},""geometry"":{""type"":""Polygon"",""coordinates"":[[[-100.353386,25.702447],[-100.349712,25.702243],[-100.346093,25.701633],[-100.342584,25.700627],[-100.33924,25.69924],[-100.33611,25.697494],[-100.333242,25.695413],[-100.330679,25.693031],[-100.32846,25.690384],[-100.326619,25.68751],[-100.325184,25.684454],[-100.324177,25.681263],[-100.323612,25.677984],[-100.323499,25.674668],[-100.323838,25.671364],[-100.324626,25.668123],[-100.325849,25.664993],[-100.32749,25.662023],[-100.329524,25.659257],[-100.331919,25.656737],[-100.33464,25.654502],[-100.337645,25.652585],[-100.340888,25.651015],[-100.344321,25.649816],[-100.347892,25.649007],[-100.351546,25.648599],[-100.355227,25.648599],[-100.358881,25.649007],[-100.362451,25.649816],[-100.365884,25.651015],[-100.369128,25.652585],[-100.372133,25.654502],[-100.374853,25.656737],[-100.377249,25.659257],[-100.379282,25.662023],[-100.380923,25.664993],[-100.382147,25.668123],[-100.382934,25.671364],[-100.383274,25.674668],[-100.383161,25.677984],[-100.382596,25.681263],[-100.381588,25.684454],[-100.380153,25.68751],[-100.378313,25.690384],[-100.376094,25.693031],[-100.373531,25.695413],[-100.370663,25.697494],[-100.367533,25.69924],[-100.364188,25.700627],[-100.36068,25.701633],[-100.357061,25.702243],[-100.353386,25.702447]]]}}",1930289214,La Panquequería - San Jerónimo - Turbo,25.6754976,-100.3533863
"{""type"":""Feature"",""properties"":{""Store ID"":1930289216,""Store Name"":""La Panquequería - Lincoln - Turbo"",""STORE_LAT"":25.722911,""STORE_LNG"":-100.3612105},""geometry"":{""type"":""Polygon"",""coordinates"":[[[-100.36121,25.74986],[-100.357534,25.749656],[-100.353914,25.749047],[-100.350404,25.748041],[-100.347058,25.746654],[-100.343927,25.744907],[-100.341058,25.742827],[-100.338494,25.740445],[-100.336274,25.737797],[-100.334433,25.734923],[-100.332997,25.731868],[-100.331989,25.728676],[-100.331424,25.725398],[-100.331311,25.722081],[-100.331651,25.718777],[-100.332439,25.715536],[-100.333663,25.712406],[-100.335304,25.709436],[-100.337339,25.70667],[-100.339735,25.704151],[-100.342457,25.701915],[-100.345463,25.699998],[-100.348708,25.698428],[-100.352142,25.69723],[-100.355714,25.69642],[-100.359369,25.696013],[-100.363052,25.696013],[-100.366707,25.69642],[-100.370279,25.69723],[-100.373713,25.698428],[-100.376958,25.699998],[-100.379964,25.701915],[-100.382686,25.704151],[-100.385082,25.70667],[-100.387117,25.709436],[-100.388758,25.712406],[-100.389982,25.715536],[-100.39077,25.718777],[-100.39111,25.722081],[-100.390997,25.725398],[-100.390432,25.728676],[-100.389424,25.731868],[-100.387988,25.734923],[-100.386147,25.737797],[-100.383927,25.740445],[-100.381363,25.742827],[-100.378494,25.744907],[-100.375363,25.746654],[-100.372017,25.748041],[-100.368507,25.749047],[-100.364887,25.749656],[-100.36121,25.74986]]]}}",1930289216,La Panquequería - Lincoln - Turbo,25.722911,-100.3612105
"{""type"":""Feature"",""properties"":{""Store ID"":1930322234,""Store Name"":""La Panquequería - Jardines del Valle - Turbo"",""STORE_LAT"":20.7638322,""STORE_LNG"":-103.4382062},""geometry"":{""type"":""Polygon"",""coordinates"":[[[-103.438206,20.790782],[-103.434664,20.790577],[-103.431176,20.789968],[-103.427795,20.788962],[-103.424571,20.787575],[-103.421554,20.785828],[-103.418789,20.783748],[-103.416319,20.781366],[-103.414181,20.778718],[-103.412406,20.775845],[-103.411023,20.772789],[-103.410052,20.769598],[-103.409508,20.766319],[-103.409398,20.763002],[-103.409726,20.759698],[-103.410485,20.756457],[-103.411664,20.753328],[-103.413246,20.750357],[-103.415206,20.747592],[-103.417515,20.745072],[-103.420137,20.742836],[-103.423034,20.740919],[-103.42616,20.73935],[-103.429469,20.738151],[-103.43291,20.737342],[-103.436432,20.736934],[-103.43998,20.736934],[-103.443502,20.737342],[-103.446943,20.738151],[-103.450252,20.73935],[-103.453379,20.740919],[-103.456275,20.742836],[-103.458897,20.745072],[-103.461206,20.747592],[-103.463166,20.750357],[-103.464748,20.753328],[-103.465927,20.756457],[-103.466687,20.759698],[-103.467014,20.763002],[-103.466905,20.766319],[-103.46636,20.769598],[-103.465389,20.772789],[-103.464006,20.775845],[-103.462232,20.778718],[-103.460093,20.781366],[-103.457623,20.783748],[-103.454858,20.785828],[-103.451841,20.787575],[-103.448618,20.788962],[-103.445236,20.789968],[-103.441748,20.790577],[-103.438206,20.790782]]]}}",1930322234,La Panquequería - Jardines del Valle - Turbo,20.7638322,-103.4382062
"{""type"":""Feature"",""properties"":{""Store ID"":1930294804,""Store Name"":""La Panquequería - Polanco - Turbo"",""STORE_LAT"":19.4443812,""STORE_LNG"":-99.1989995},""geometry"":{""type"":""Polygon"",""coordinates"":[[[-99.198999,19.471331],[-99.195487,19.471126],[-99.192029,19.470517],[-99.188675,19.469511],[-99.185479,19.468124],[-99.182487,19.466377],[-99.179746,19.464297],[-99.177296,19.461915],[-99.175176,19.459267],[-99.173416,19.456394],[-99.172045,19.453338],[-99.171082,19.450147],[-99.170542,19.446868],[-99.170434,19.443551],[-99.170758,19.440247],[-99.171511,19.437006],[-99.17268,19.433877],[-99.174249,19.430906],[-99.176193,19.428141],[-99.178482,19.425621],[-99.181082,19.423385],[-99.183954,19.421468],[-99.187054,19.419899],[-99.190336,19.4187],[-99.193748,19.417891],[-99.19724,19.417483],[-99.200759,19.417483],[-99.204251,19.417891],[-99.207663,19.4187],[-99.210945,19.419899],[-99.214045,19.421468],[-99.216917,19.423385],[-99.219517,19.425621],[-99.221806,19.428141],[-99.22375,19.430906],[-99.225319,19.433877],[-99.226488,19.437006],[-99.227241,19.440247],[-99.227565,19.443551],[-99.227457,19.446868],[-99.226917,19.450147],[-99.225954,19.453338],[-99.224583,19.456394],[-99.222823,19.459267],[-99.220703,19.461915],[-99.218253,19.464297],[-99.215512,19.466377],[-99.21252,19.468124],[-99.209324,19.469511],[-99.20597,19.470517],[-99.202512,19.471126],[-99.198999,19.471331]]]}}",1930294804,La Panquequería - Polanco - Turbo,19.4443812,-99.1989995
"{""type"":""Feature"",""properties"":{""Store ID"":1930322237,""Store Name"":""La Panquequería - Saltillo Centro - Turbo"",""STORE_LAT"":25.43077478,""STORE_LNG"":-101.0031417},""geometry"":{""type"":""Polygon"",""coordinates"":[[[-101.003142,25.457724],[-100.999475,25.45752],[-100.995863,25.45691],[-100.992362,25.455904],[-100.989024,25.454518],[-100.9859,25.452771],[-100.983038,25.450691],[-100.98048,25.448309],[-100.978266,25.445661],[-100.976429,25.442787],[-100.974997,25.439732],[-100.973992,25.43654],[-100.973428,25.433261],[-100.973315,25.429945],[-100.973654,25.426641],[-100.97444,25.4234],[-100.975661,25.42027],[-100.977299,25.4173],[-100.979328,25.414534],[-100.981719,25.412014],[-100.984434,25.409779],[-100.987432,25.407862],[-100.990669,25.406292],[-100.994095,25.405094],[-100.997658,25.404284],[-101.001305,25.403876],[-101.004979,25.403876],[-101.008625,25.404284],[-101.012188,25.405094],[-101.015614,25.406292],[-101.018851,25.407862],[-101.02185,25.409779],[-101.024565,25.412014],[-101.026955,25.414534],[-101.028985,25.4173],[-101.030622,25.42027],[-101.031843,25.4234],[-101.032629,25.426641],[-101.032968,25.429945],[-101.032855,25.433261],[-101.032292,25.43654],[-101.031286,25.439732],[-101.029854,25.442787],[-101.028017,25.445661],[-101.025803,25.448309],[-101.023245,25.450691],[-101.020383,25.452771],[-101.017259,25.454518],[-101.013921,25.455904],[-101.01042,25.45691],[-101.006809,25.45752],[-101.003142,25.457724]]]}}",1930322237,La Panquequería - Saltillo Centro - Turbo,25.43077478,-101.0031417
"{""type"":""Feature"",""properties"":{""Store ID"":1930322236,""Store Name"":""La Panquequería - Santa Catarina - Turbo"",""STORE_LAT"":25.6747221,""STORE_LNG"":-100.4254219},""geometry"":{""type"":""Polygon"",""coordinates"":[[[-100.425422,25.701672],[-100.421747,25.701467],[-100.418128,25.700858],[-100.41462,25.699852],[-100.411276,25.698465],[-100.408145,25.696718],[-100.405277,25.694638],[-100.402714,25.692256],[-100.400496,25.689608],[-100.398655,25.686735],[-100.39722,25.683679],[-100.396212,25.680487],[-100.395648,25.677209],[-100.395534,25.673892],[-100.395874,25.670588],[-100.396662,25.667347],[-100.397885,25.664218],[-100.399526,25.661247],[-100.40156,25.658481],[-100.403955,25.655962],[-100.406676,25.653726],[-100.409681,25.651809],[-100.412924,25.650239],[-100.416357,25.649041],[-100.419927,25.648232],[-100.423581,25.647824],[-100.427263,25.647824],[-100.430916,25.648232],[-100.434487,25.649041],[-100.43792,25.650239],[-100.441163,25.651809],[-100.444168,25.653726],[-100.446889,25.655962],[-100.449284,25.658481],[-100.451318,25.661247],[-100.452959,25.664218],[-100.454182,25.667347],[-100.45497,25.670588],[-100.455309,25.673892],[-100.455196,25.677209],[-100.454631,25.680487],[-100.453624,25.683679],[-100.452189,25.686735],[-100.450348,25.689608],[-100.448129,25.692256],[-100.445567,25.694638],[-100.442698,25.696718],[-100.439568,25.698465],[-100.436224,25.699852],[-100.432715,25.700858],[-100.429096,25.701467],[-100.425422,25.701672]]]}}",1930322236,La Panquequería - Santa Catarina - Turbo,25.6747221,-100.4254219
"{""type"":""Feature"",""properties"":{""Store ID"":1930294802,""Store Name"":""La Panquequería - Santa Teresita - Turbo"",""STORE_LAT"":20.6770444,""STORE_LNG"":-103.3760332},""geometry"":{""type"":""Polygon"",""coordinates"":[[[-103.376033,20.703994],[-103.372493,20.70379],[-103.369007,20.70318],[-103.365628,20.702174],[-103.362406,20.700787],[-103.35939,20.69904],[-103.356627,20.69696],[-103.354159,20.694578],[-103.352021,20.69193],[-103.350248,20.689057],[-103.348866,20.686001],[-103.347895,20.68281],[-103.347351,20.679531],[-103.347242,20.676214],[-103.347569,20.672911],[-103.348328,20.669669],[-103.349507,20.66654],[-103.351087,20.66357],[-103.353046,20.660804],[-103.355354,20.658284],[-103.357975,20.656049],[-103.360869,20.654132],[-103.363994,20.652562],[-103.367301,20.651363],[-103.37074,20.650554],[-103.37426,20.650146],[-103.377806,20.650146],[-103.381326,20.650554],[-103.384765,20.651363],[-103.388073,20.652562],[-103.391197,20.654132],[-103.394092,20.656049],[-103.396713,20.658284],[-103.39902,20.660804],[-103.400979,20.66357],[-103.40256,20.66654],[-103.403739,20.669669],[-103.404497,20.672911],[-103.404824,20.676214],[-103.404715,20.679531],[-103.404171,20.68281],[-103.403201,20.686001],[-103.401818,20.689057],[-103.400045,20.69193],[-103.397908,20.694578],[-103.395439,20.69696],[-103.392676,20.69904],[-103.389661,20.700787],[-103.386439,20.702174],[-103.383059,20.70318],[-103.379573,20.70379],[-103.376033,20.703994]]]}}",1930294802,La Panquequería - Santa Teresita - Turbo,20.6770444,-103.3760332
"{""type"":""Feature"",""properties"":{""Store ID"":1930321638,""Store Name"":""Super Ensaladas (doctores) - Turbo"",""STORE_LAT"":19.4201532,""STORE_LNG"":-99.14614967},""geometry"":{""type"":""Polygon"",""coordinates"":[[[-99.14615,19.447103],[-99.142638,19.446898],[-99.13918,19.446289],[-99.135827,19.445283],[-99.132631,19.443896],[-99.12964,19.442149],[-99.126899,19.440069],[-99.12445,19.437687],[-99.122329,19.435039],[-99.12057,19.432166],[-99.119199,19.42911],[-99.118236,19.425919],[-99.117696,19.42264],[-99.117588,19.419323],[-99.117913,19.416019],[-99.118665,19.412778],[-99.119835,19.409649],[-99.121403,19.406678],[-99.123346,19.403913],[-99.125635,19.401393],[-99.128235,19.399157],[-99.131107,19.39724],[-99.134206,19.395671],[-99.137487,19.394472],[-99.140899,19.393663],[-99.144391,19.393255],[-99.147909,19.393255],[-99.1514,19.393663],[-99.154812,19.394472],[-99.158093,19.395671],[-99.161193,19.39724],[-99.164064,19.399157],[-99.166664,19.401393],[-99.168953,19.403913],[-99.170897,19.406678],[-99.172465,19.409649],[-99.173634,19.412778],[-99.174387,19.416019],[-99.174711,19.419323],[-99.174603,19.42264],[-99.174063,19.425919],[-99.173101,19.42911],[-99.171729,19.432166],[-99.16997,19.435039],[-99.16785,19.437687],[-99.165401,19.440069],[-99.16266,19.442149],[-99.159668,19.443896],[-99.156472,19.445283],[-99.15312,19.446289],[-99.149661,19.446898],[-99.14615,19.447103]]]}}",1930321638,Super Ensaladas (doctores) - Turbo,19.4201532,-99.14614967
"{""type"":""Feature"",""properties"":{""Store ID"":1930372868,""Store Name"":""Super Ensaladas (Del Valle) - Turbo"",""STORE_LAT"":19.37382606,""STORE_LNG"":-99.18911941},""geometry"":{""type"":""Polygon"",""coordinates"":[[[-99.189119,19.400776],[-99.185609,19.400571],[-99.182152,19.399962],[-99.1788,19.398956],[-99.175605,19.397569],[-99.172614,19.395822],[-99.169874,19.393742],[-99.167425,19.39136],[-99.165306,19.388712],[-99.163547,19.385838],[-99.162176,19.382783],[-99.161214,19.379591],[-99.160674,19.376313],[-99.160566,19.372996],[-99.16089,19.369692],[-99.161643,19.366451],[-99.162812,19.363322],[-99.16438,19.360351],[-99.166322,19.357585],[-99.168611,19.355066],[-99.17121,19.35283],[-99.174081,19.350913],[-99.177179,19.349343],[-99.180459,19.348145],[-99.18387,19.347335],[-99.187361,19.346928],[-99.190878,19.346928],[-99.194369,19.347335],[-99.19778,19.348145],[-99.201059,19.349343],[-99.204158,19.350913],[-99.207029,19.35283],[-99.209628,19.355066],[-99.211916,19.357585],[-99.213859,19.360351],[-99.215427,19.363322],[-99.216596,19.366451],[-99.217348,19.369692],[-99.217673,19.372996],[-99.217565,19.376313],[-99.217025,19.379591],[-99.216063,19.382783],[-99.214692,19.385838],[-99.212933,19.388712],[-99.210813,19.39136],[-99.208365,19.393742],[-99.205625,19.395822],[-99.202634,19.397569],[-99.199439,19.398956],[-99.196087,19.399962],[-99.19263,19.400571],[-99.189119,19.400776]]]}}",1930372868,Super Ensaladas (Del Valle) - Turbo,19.37382606,-99.18911941
"{""type"":""Feature"",""properties"":{""Store ID"":1930329025,""Store Name"":""Super Ensaladas (San Ángel) - Turbo"",""STORE_LAT"":19.3472217,""STORE_LNG"":-99.1904483},""geometry"":{""type"":""Polygon"",""coordinates"":[[[-99.190448,19.374171],[-99.186938,19.373967],[-99.183482,19.373357],[-99.18013,19.372351],[-99.176936,19.370965],[-99.173946,19.369218],[-99.171206,19.367138],[-99.168758,19.364756],[-99.166639,19.362108],[-99.16488,19.359234],[-99.16351,19.356178],[-99.162547,19.352987],[-99.162008,19.349708],[-99.161899,19.346392],[-99.162224,19.343088],[-99.162976,19.339847],[-99.164145,19.336717],[-99.165713,19.333747],[-99.167655,19.330981],[-99.169943,19.328461],[-99.172542,19.326226],[-99.175412,19.324309],[-99.17851,19.322739],[-99.18179,19.32154],[-99.1852,19.320731],[-99.18869,19.320323],[-99.192207,19.320323],[-99.195697,19.320731],[-99.199107,19.32154],[-99.202386,19.322739],[-99.205484,19.324309],[-99.208355,19.326226],[-99.210954,19.328461],[-99.213242,19.330981],[-99.215184,19.333747],[-99.216752,19.336717],[-99.21792,19.339847],[-99.218673,19.343088],[-99.218997,19.346392],[-99.218889,19.349708],[-99.218349,19.352987],[-99.217387,19.356178],[-99.216016,19.359234],[-99.214258,19.362108],[-99.212139,19.364756],[-99.209691,19.367138],[-99.206951,19.369218],[-99.203961,19.370965],[-99.200766,19.372351],[-99.197415,19.373357],[-99.193958,19.373967],[-99.190448,19.374171]]]}}",1930329025,Super Ensaladas (San Ángel) - Turbo,19.3472217,-99.1904483
"{""type"":""Feature"",""properties"":{""Store ID"":1930329027,""Store Name"":""Super Ensaladas (Montejo) - Turbo"",""STORE_LAT"":21.01004153,""STORE_LNG"":-89.62339072},""geometry"":{""type"":""Polygon"",""coordinates"":[[[-89.623391,21.036991],[-89.619843,21.036787],[-89.616349,21.036177],[-89.612962,21.035171],[-89.609733,21.033784],[-89.606711,21.032038],[-89.603942,21.029957],[-89.601468,21.027575],[-89.599326,21.024927],[-89.597549,21.022054],[-89.596163,21.018998],[-89.59519,21.015807],[-89.594645,21.012528],[-89.594536,21.009212],[-89.594864,21.005908],[-89.595624,21.002666],[-89.596805,20.999537],[-89.59839,20.996567],[-89.600353,20.993801],[-89.602666,20.991281],[-89.605292,20.989046],[-89.608193,20.987129],[-89.611325,20.985559],[-89.614639,20.98436],[-89.618086,20.983551],[-89.621614,20.983143],[-89.625168,20.983143],[-89.628695,20.983551],[-89.632142,20.98436],[-89.635457,20.985559],[-89.638588,20.987129],[-89.641489,20.989046],[-89.644116,20.991281],[-89.646428,20.993801],[-89.648392,20.996567],[-89.649976,20.999537],[-89.651157,21.002666],[-89.651918,21.005908],[-89.652246,21.009212],[-89.652136,21.012528],[-89.651591,21.015807],[-89.650618,21.018998],[-89.649233,21.022054],[-89.647456,21.024927],[-89.645314,21.027575],[-89.642839,21.029957],[-89.64007,21.032038],[-89.637048,21.033784],[-89.633819,21.035171],[-89.630432,21.036177],[-89.626938,21.036787],[-89.623391,21.036991]]]}}",1930329027,Super Ensaladas (Montejo) - Turbo,21.01004153,-89.62339072
"{""type"":""Feature"",""properties"":{""Store ID"":1930329022,""Store Name"":""Super Ensaladas (Polanco) - Turbo"",""STORE_LAT"":19.4443812,""STORE_LNG"":-99.1989995},""geometry"":{""type"":""Polygon"",""coordinates"":[[[-99.198999,19.471331],[-99.195487,19.471126],[-99.192029,19.470517],[-99.188675,19.469511],[-99.185479,19.468124],[-99.182487,19.466377],[-99.179746,19.464297],[-99.177296,19.461915],[-99.175176,19.459267],[-99.173416,19.456394],[-99.172045,19.453338],[-99.171082,19.450147],[-99.170542,19.446868],[-99.170434,19.443551],[-99.170758,19.440247],[-99.171511,19.437006],[-99.17268,19.433877],[-99.174249,19.430906],[-99.176193,19.428141],[-99.178482,19.425621],[-99.181082,19.423385],[-99.183954,19.421468],[-99.187054,19.419899],[-99.190336,19.4187],[-99.193748,19.417891],[-99.19724,19.417483],[-99.200759,19.417483],[-99.204251,19.417891],[-99.207663,19.4187],[-99.210945,19.419899],[-99.214045,19.421468],[-99.216917,19.423385],[-99.219517,19.425621],[-99.221806,19.428141],[-99.22375,19.430906],[-99.225319,19.433877],[-99.226488,19.437006],[-99.227241,19.440247],[-99.227565,19.443551],[-99.227457,19.446868],[-99.226917,19.450147],[-99.225954,19.453338],[-99.224583,19.456394],[-99.222823,19.459267],[-99.220703,19.461915],[-99.218253,19.464297],[-99.215512,19.466377],[-99.21252,19.468124],[-99.209324,19.469511],[-99.20597,19.470517],[-99.202512,19.471126],[-99.198999,19.471331]]]}}",1930329022,Super Ensaladas (Polanco) - Turbo,19.4443812,-99.1989995
"{""type"":""Feature"",""properties"":{""Store ID"":1930372829,""Store Name"":""Super Ensaladas (Saltillo Centro) - Turbo"",""STORE_LAT"":25.4307317,""STORE_LNG"":-101.0032506},""geometry"":{""type"":""Polygon"",""coordinates"":[[[-101.003251,25.457681],[-100.999584,25.457477],[-100.995972,25.456867],[-100.992471,25.455861],[-100.989133,25.454475],[-100.986009,25.452728],[-100.983147,25.450648],[-100.980589,25.448266],[-100.978375,25.445618],[-100.976538,25.442744],[-100.975106,25.439688],[-100.974101,25.436497],[-100.973537,25.433218],[-100.973424,25.429902],[-100.973763,25.426598],[-100.974549,25.423357],[-100.97577,25.420227],[-100.977408,25.417257],[-100.979437,25.414491],[-100.981827,25.411971],[-100.984543,25.409736],[-100.987541,25.407819],[-100.990778,25.406249],[-100.994204,25.40505],[-100.997767,25.404241],[-101.001414,25.403833],[-101.005088,25.403833],[-101.008734,25.404241],[-101.012297,25.40505],[-101.015723,25.406249],[-101.01896,25.407819],[-101.021959,25.409736],[-101.024674,25.411971],[-101.027064,25.414491],[-101.029094,25.417257],[-101.030731,25.420227],[-101.031952,25.423357],[-101.032738,25.426598],[-101.033077,25.429902],[-101.032964,25.433218],[-101.032401,25.436497],[-101.031395,25.439688],[-101.029963,25.442744],[-101.028126,25.445618],[-101.025912,25.448266],[-101.023354,25.450648],[-101.020492,25.452728],[-101.017368,25.454475],[-101.01403,25.455861],[-101.010529,25.456867],[-101.006918,25.457477],[-101.003251,25.457681]]]}}",1930372829,Super Ensaladas (Saltillo Centro) - Turbo,25.4307317,-101.0032506
"{""type"":""Feature"",""properties"":{""Store ID"":1930322542,""Store Name"":""Super Ensaladas (Tabachines) - Turbo"",""STORE_LAT"":20.7284291,""STORE_LNG"":-103.3870886},""geometry"":{""type"":""Polygon"",""coordinates"":[[[-103.387089,20.755379],[-103.383548,20.755174],[-103.38006,20.754565],[-103.37668,20.753559],[-103.373457,20.752172],[-103.37044,20.750425],[-103.367676,20.748345],[-103.365207,20.745963],[-103.363069,20.743315],[-103.361295,20.740442],[-103.359912,20.737386],[-103.358941,20.734194],[-103.358397,20.730916],[-103.358288,20.727599],[-103.358615,20.724295],[-103.359374,20.721054],[-103.360553,20.717925],[-103.362134,20.714954],[-103.364094,20.712188],[-103.366402,20.709669],[-103.369024,20.707433],[-103.37192,20.705516],[-103.375045,20.703946],[-103.378353,20.702748],[-103.381794,20.701939],[-103.385315,20.701531],[-103.388862,20.701531],[-103.392383,20.701939],[-103.395824,20.702748],[-103.399132,20.703946],[-103.402258,20.705516],[-103.405153,20.707433],[-103.407775,20.709669],[-103.410083,20.712188],[-103.412043,20.714954],[-103.413624,20.717925],[-103.414803,20.721054],[-103.415562,20.724295],[-103.41589,20.727599],[-103.41578,20.730916],[-103.415236,20.734194],[-103.414265,20.737386],[-103.412882,20.740442],[-103.411109,20.743315],[-103.408971,20.745963],[-103.406501,20.748345],[-103.403737,20.750425],[-103.400721,20.752172],[-103.397498,20.753559],[-103.394117,20.754565],[-103.39063,20.755174],[-103.387089,20.755379]]]}}",1930322542,Super Ensaladas (Tabachines) - Turbo,20.7284291,-103.3870886
"{""type"":""Feature"",""properties"":{""Store ID"":1930321622,""Store Name"":""Mr Beast Burger - Ciudad Judicial - Turbo"",""STORE_LAT"":19.01440108,""STORE_LNG"":-98.26954403},""geometry"":{""type"":""Polygon"",""coordinates"":[[[-98.269544,19.041351],[-98.266041,19.041146],[-98.262591,19.040537],[-98.259247,19.039531],[-98.256059,19.038144],[-98.253075,19.036397],[-98.25034,19.034317],[-98.247897,19.031935],[-98.245782,19.029287],[-98.244028,19.026413],[-98.24266,19.023358],[-98.241699,19.020166],[-98.241161,19.016888],[-98.241053,19.013571],[-98.241377,19.010267],[-98.242127,19.007026],[-98.243294,19.003897],[-98.244858,19.000926],[-98.246797,18.99816],[-98.24908,18.995641],[-98.251674,18.993405],[-98.254538,18.991488],[-98.25763,18.989918],[-98.260903,18.98872],[-98.264306,18.98791],[-98.267789,18.987503],[-98.271299,18.987503],[-98.274782,18.98791],[-98.278185,18.98872],[-98.281458,18.989918],[-98.28455,18.991488],[-98.287414,18.993405],[-98.290008,18.995641],[-98.292291,18.99816],[-98.29423,19.000926],[-98.295794,19.003897],[-98.296961,19.007026],[-98.297711,19.010267],[-98.298035,19.013571],[-98.297927,19.016888],[-98.297389,19.020166],[-98.296428,19.023358],[-98.29506,19.026413],[-98.293306,19.029287],[-98.291191,19.031935],[-98.288748,19.034317],[-98.286013,19.036397],[-98.283029,19.038144],[-98.279841,19.039531],[-98.276497,19.040537],[-98.273047,19.041146],[-98.269544,19.041351]]]}}",1930321622,Mr Beast Burger - Ciudad Judicial - Turbo,19.01440108,-98.26954403
"{""type"":""Feature"",""properties"":{""Store ID"":1930214505,""Store Name"":""Mr Beast Burger Coapa - Turbo"",""STORE_LAT"":19.3053544,""STORE_LNG"":-99.1270867},""geometry"":{""type"":""Polygon"",""coordinates"":[[[-99.127087,19.332304],[-99.123578,19.3321],[-99.120122,19.33149],[-99.116771,19.330484],[-99.113577,19.329097],[-99.110588,19.32735],[-99.107849,19.32527],[-99.105402,19.322888],[-99.103283,19.32024],[-99.101525,19.317367],[-99.100155,19.314311],[-99.099193,19.31112],[-99.098653,19.307841],[-99.098545,19.304524],[-99.09887,19.301221],[-99.099622,19.297979],[-99.10079,19.29485],[-99.102357,19.29188],[-99.104299,19.289114],[-99.106587,19.286594],[-99.109185,19.284359],[-99.112054,19.282442],[-99.115152,19.280872],[-99.11843,19.279673],[-99.12184,19.278864],[-99.125329,19.278456],[-99.128845,19.278456],[-99.132334,19.278864],[-99.135743,19.279673],[-99.139022,19.280872],[-99.142119,19.282442],[-99.144989,19.284359],[-99.147587,19.286594],[-99.149874,19.289114],[-99.151816,19.29188],[-99.153383,19.29485],[-99.154552,19.297979],[-99.155304,19.301221],[-99.155628,19.304524],[-99.15552,19.307841],[-99.154981,19.31112],[-99.154019,19.314311],[-99.152648,19.317367],[-99.15089,19.32024],[-99.148772,19.322888],[-99.146324,19.32527],[-99.143585,19.32735],[-99.140596,19.329097],[-99.137402,19.330484],[-99.134052,19.33149],[-99.130596,19.3321],[-99.127087,19.332304]]]}}",1930214505,Mr Beast Burger Coapa - Turbo,19.3053544,-99.1270867
"{""type"":""Feature"",""properties"":{""Store ID"":1930294793,""Store Name"":""Mr Beast Burger - Tec de Monterrey - Turbo"",""STORE_LAT"":25.655914,""STORE_LNG"":-100.2920667},""geometry"":{""type"":""Polygon"",""coordinates"":[[[-100.292067,25.682863],[-100.288393,25.682659],[-100.284774,25.68205],[-100.281267,25.681044],[-100.277923,25.679657],[-100.274793,25.67791],[-100.271925,25.67583],[-100.269363,25.673448],[-100.267144,25.6708],[-100.265304,25.667926],[-100.263869,25.664871],[-100.262862,25.661679],[-100.262297,25.658401],[-100.262184,25.655084],[-100.262524,25.65178],[-100.263311,25.648539],[-100.264534,25.645409],[-100.266175,25.642439],[-100.268208,25.639673],[-100.270603,25.637154],[-100.273324,25.634918],[-100.276328,25.633001],[-100.279571,25.631431],[-100.283003,25.630233],[-100.286573,25.629423],[-100.290226,25.629016],[-100.293907,25.629016],[-100.29756,25.629423],[-100.30113,25.630233],[-100.304562,25.631431],[-100.307805,25.633001],[-100.31081,25.634918],[-100.31353,25.637154],[-100.315925,25.639673],[-100.317958,25.642439],[-100.319599,25.645409],[-100.320822,25.648539],[-100.32161,25.65178],[-100.32195,25.655084],[-100.321836,25.658401],[-100.321272,25.661679],[-100.320264,25.664871],[-100.318829,25.667926],[-100.316989,25.6708],[-100.314771,25.673448],[-100.312208,25.67583],[-100.30934,25.67791],[-100.306211,25.679657],[-100.302867,25.681044],[-100.299359,25.68205],[-100.295741,25.682659],[-100.292067,25.682863]]]}}",1930294793,Mr Beast Burger - Tec de Monterrey - Turbo,25.655914,-100.2920667
"{""type"":""Feature"",""properties"":{""Store ID"":1930111503,""Store Name"":""Mr Beast Burger Turbo - Roma"",""STORE_LAT"":19.4201277,""STORE_LNG"":-99.1460893},""geometry"":{""type"":""Polygon"",""coordinates"":[[[-99.146089,19.447077],[-99.142578,19.446873],[-99.139119,19.446263],[-99.135767,19.445257],[-99.132571,19.443871],[-99.129579,19.442124],[-99.126838,19.440044],[-99.124389,19.437662],[-99.122269,19.435014],[-99.12051,19.43214],[-99.119138,19.429084],[-99.118176,19.425893],[-99.117636,19.422614],[-99.117528,19.419298],[-99.117852,19.415994],[-99.118605,19.412753],[-99.119774,19.409623],[-99.121342,19.406653],[-99.123286,19.403887],[-99.125575,19.401367],[-99.128175,19.399132],[-99.131046,19.397215],[-99.134146,19.395645],[-99.137427,19.394446],[-99.140839,19.393637],[-99.14433,19.393229],[-99.147848,19.393229],[-99.15134,19.393637],[-99.154752,19.394446],[-99.158033,19.395645],[-99.161132,19.397215],[-99.164004,19.399132],[-99.166604,19.401367],[-99.168893,19.403887],[-99.170836,19.406653],[-99.172404,19.409623],[-99.173574,19.412753],[-99.174326,19.415994],[-99.174651,19.419298],[-99.174543,19.422614],[-99.174003,19.425893],[-99.17304,19.429084],[-99.171669,19.43214],[-99.16991,19.435014],[-99.167789,19.437662],[-99.16534,19.440044],[-99.162599,19.442124],[-99.159608,19.443871],[-99.156412,19.445257],[-99.153059,19.446263],[-99.149601,19.446873],[-99.146089,19.447077]]]}}",1930111503,Mr Beast Burger Turbo - Roma,19.4201277,-99.1460893
"{""type"":""Feature"",""properties"":{""Store ID"":1930340118,""Store Name"":""Mr Beast Burger - Del Valle - Turbo"",""STORE_LAT"":19.3738474,""STORE_LNG"":-99.1889508},""geometry"":{""type"":""Polygon"",""coordinates"":[[[-99.188951,19.400797],[-99.18544,19.400593],[-99.181983,19.399983],[-99.178631,19.398977],[-99.175436,19.39759],[-99.172445,19.395843],[-99.169705,19.393763],[-99.167257,19.391381],[-99.165137,19.388733],[-99.163379,19.38586],[-99.162008,19.382804],[-99.161045,19.379613],[-99.160506,19.376334],[-99.160397,19.373017],[-99.160722,19.369714],[-99.161474,19.366472],[-99.162643,19.363343],[-99.164211,19.360373],[-99.166154,19.357607],[-99.168442,19.355087],[-99.171041,19.352852],[-99.173912,19.350935],[-99.177011,19.349365],[-99.180291,19.348166],[-99.183702,19.347357],[-99.187192,19.346949],[-99.190709,19.346949],[-99.1942,19.347357],[-99.197611,19.348166],[-99.200891,19.349365],[-99.203989,19.350935],[-99.20686,19.352852],[-99.209459,19.355087],[-99.211748,19.357607],[-99.213691,19.360373],[-99.215258,19.363343],[-99.216427,19.366472],[-99.21718,19.369714],[-99.217504,19.373017],[-99.217396,19.376334],[-99.216857,19.379613],[-99.215894,19.382804],[-99.214523,19.38586],[-99.212764,19.388733],[-99.210645,19.391381],[-99.208196,19.393763],[-99.205456,19.395843],[-99.202466,19.39759],[-99.19927,19.398977],[-99.195919,19.399983],[-99.192461,19.400593],[-99.188951,19.400797]]]}}",1930340118,Mr Beast Burger - Del Valle - Turbo,19.3738474,-99.1889508
"{""type"":""Feature"",""properties"":{""Store ID"":1930290754,""Store Name"":""Mr Beast Burger - San Ángel - Turbo"",""STORE_LAT"":19.3472217,""STORE_LNG"":-99.1904483},""geometry"":{""type"":""Polygon"",""coordinates"":[[[-99.190448,19.374171],[-99.186938,19.373967],[-99.183482,19.373357],[-99.18013,19.372351],[-99.176936,19.370965],[-99.173946,19.369218],[-99.171206,19.367138],[-99.168758,19.364756],[-99.166639,19.362108],[-99.16488,19.359234],[-99.16351,19.356178],[-99.162547,19.352987],[-99.162008,19.349708],[-99.161899,19.346392],[-99.162224,19.343088],[-99.162976,19.339847],[-99.164145,19.336717],[-99.165713,19.333747],[-99.167655,19.330981],[-99.169943,19.328461],[-99.172542,19.326226],[-99.175412,19.324309],[-99.17851,19.322739],[-99.18179,19.32154],[-99.1852,19.320731],[-99.18869,19.320323],[-99.192207,19.320323],[-99.195697,19.320731],[-99.199107,19.32154],[-99.202386,19.322739],[-99.205484,19.324309],[-99.208355,19.326226],[-99.210954,19.328461],[-99.213242,19.330981],[-99.215184,19.333747],[-99.216752,19.336717],[-99.21792,19.339847],[-99.218673,19.343088],[-99.218997,19.346392],[-99.218889,19.349708],[-99.218349,19.352987],[-99.217387,19.356178],[-99.216016,19.359234],[-99.214258,19.362108],[-99.212139,19.364756],[-99.209691,19.367138],[-99.206951,19.369218],[-99.203961,19.370965],[-99.200766,19.372351],[-99.197415,19.373357],[-99.193958,19.373967],[-99.190448,19.374171]]]}}",1930290754,Mr Beast Burger - San Ángel - Turbo,19.3472217,-99.1904483
"{""type"":""Feature"",""properties"":{""Store ID"":1930321584,""Store Name"":""Mr Beast Burger - Interlomas - Turbo"",""STORE_LAT"":19.4027031,""STORE_LNG"":-99.2696168},""geometry"":{""type"":""Polygon"",""coordinates"":[[[-99.269617,19.429653],[-99.266106,19.429448],[-99.262648,19.428839],[-99.259295,19.427833],[-99.256099,19.426446],[-99.253109,19.424699],[-99.250368,19.422619],[-99.247919,19.420237],[-99.245799,19.417589],[-99.24404,19.414716],[-99.242669,19.41166],[-99.241706,19.408468],[-99.241167,19.40519],[-99.241058,19.401873],[-99.241383,19.398569],[-99.242135,19.395328],[-99.243305,19.392199],[-99.244873,19.389228],[-99.246816,19.386462],[-99.249105,19.383943],[-99.251704,19.381707],[-99.254575,19.37979],[-99.257675,19.37822],[-99.260955,19.377022],[-99.264367,19.376213],[-99.267858,19.375805],[-99.271376,19.375805],[-99.274867,19.376213],[-99.278279,19.377022],[-99.281559,19.37822],[-99.284658,19.37979],[-99.287529,19.381707],[-99.290129,19.383943],[-99.292418,19.386462],[-99.294361,19.389228],[-99.295929,19.392199],[-99.297098,19.395328],[-99.297851,19.398569],[-99.298175,19.401873],[-99.298067,19.40519],[-99.297527,19.408468],[-99.296565,19.41166],[-99.295194,19.414716],[-99.293435,19.417589],[-99.291315,19.420237],[-99.288866,19.422619],[-99.286125,19.424699],[-99.283134,19.426446],[-99.279938,19.427833],[-99.276586,19.428839],[-99.273128,19.429448],[-99.269617,19.429653]]]}}",1930321584,Mr Beast Burger - Interlomas - Turbo,19.4027031,-99.2696168
"{""type"":""Feature"",""properties"":{""Store ID"":1930292026,""Store Name"":""Mr Beast Burger - Jardines Guadalajara - Turbo"",""STORE_LAT"":20.68727116,""STORE_LNG"":-103.4242349},""geometry"":{""type"":""Polygon"",""coordinates"":[[[-103.424235,20.714221],[-103.420695,20.714016],[-103.417209,20.713407],[-103.413829,20.712401],[-103.410607,20.711014],[-103.407591,20.709267],[-103.404828,20.707187],[-103.402359,20.704805],[-103.400221,20.702157],[-103.398448,20.699284],[-103.397066,20.696228],[-103.396095,20.693037],[-103.395551,20.689758],[-103.395442,20.686441],[-103.395769,20.683137],[-103.396528,20.679896],[-103.397707,20.676767],[-103.399287,20.673796],[-103.401247,20.67103],[-103.403554,20.668511],[-103.406175,20.666275],[-103.40907,20.664358],[-103.412195,20.662789],[-103.415502,20.66159],[-103.418942,20.660781],[-103.422462,20.660373],[-103.426008,20.660373],[-103.429528,20.660781],[-103.432968,20.66159],[-103.436275,20.662789],[-103.4394,20.664358],[-103.442295,20.666275],[-103.444916,20.668511],[-103.447223,20.67103],[-103.449182,20.673796],[-103.450763,20.676767],[-103.451942,20.679896],[-103.452701,20.683137],[-103.453028,20.686441],[-103.452919,20.689758],[-103.452375,20.693037],[-103.451404,20.696228],[-103.450022,20.699284],[-103.448248,20.702157],[-103.446111,20.704805],[-103.443642,20.707187],[-103.440879,20.709267],[-103.437863,20.711014],[-103.434641,20.712401],[-103.431261,20.713407],[-103.427775,20.714016],[-103.424235,20.714221]]]}}",1930292026,Mr Beast Burger - Jardines Guadalajara - Turbo,20.68727116,-103.4242349
"{""type"":""Feature"",""properties"":{""Store ID"":1930310134,""Store Name"":""Mr Beast Burger - Montejo - Turbo"",""STORE_LAT"":21.01004028,""STORE_LNG"":-89.62339206},""geometry"":{""type"":""Polygon"",""coordinates"":[[[-89.623392,21.03699],[-89.619844,21.036785],[-89.616351,21.036176],[-89.612963,21.03517],[-89.609734,21.033783],[-89.606712,21.032036],[-89.603943,21.029956],[-89.601469,21.027574],[-89.599327,21.024926],[-89.59755,21.022053],[-89.596164,21.018997],[-89.595192,21.015806],[-89.594646,21.012527],[-89.594537,21.00921],[-89.594865,21.005906],[-89.595625,21.002665],[-89.596807,20.999536],[-89.598391,20.996566],[-89.600354,20.9938],[-89.602667,20.99128],[-89.605294,20.989044],[-89.608195,20.987127],[-89.611326,20.985558],[-89.61464,20.984359],[-89.618087,20.98355],[-89.621615,20.983142],[-89.625169,20.983142],[-89.628697,20.98355],[-89.632144,20.984359],[-89.635458,20.985558],[-89.638589,20.987127],[-89.641491,20.989044],[-89.644117,20.99128],[-89.64643,20.9938],[-89.648393,20.996566],[-89.649977,20.999536],[-89.651159,21.002665],[-89.651919,21.005906],[-89.652247,21.00921],[-89.652138,21.012527],[-89.651592,21.015806],[-89.65062,21.018997],[-89.649234,21.022053],[-89.647457,21.024926],[-89.645315,21.027574],[-89.642841,21.029956],[-89.640072,21.032036],[-89.63705,21.033783],[-89.633821,21.03517],[-89.630434,21.036176],[-89.62694,21.036785],[-89.623392,21.03699]]]}}",1930310134,Mr Beast Burger - Montejo - Turbo,21.01004028,-89.62339206
"{""type"":""Feature"",""properties"":{""Store ID"":1930290328,""Store Name"":""Mr Beast Burger - San Jerónimo Monterrey - Turbo"",""STORE_LAT"":25.67551513,""STORE_LNG"":-100.3534102},""geometry"":{""type"":""Polygon"",""coordinates"":[[[-100.35341,25.702465],[-100.349736,25.70226],[-100.346117,25.701651],[-100.342608,25.700645],[-100.339264,25.699258],[-100.336134,25.697511],[-100.333265,25.695431],[-100.330703,25.693049],[-100.328484,25.690401],[-100.326643,25.687528],[-100.325208,25.684472],[-100.324201,25.681281],[-100.323636,25.678002],[-100.323522,25.674685],[-100.323862,25.671381],[-100.32465,25.66814],[-100.325873,25.665011],[-100.327514,25.66204],[-100.329548,25.659274],[-100.331943,25.656755],[-100.334664,25.654519],[-100.337669,25.652602],[-100.340912,25.651032],[-100.344345,25.649834],[-100.347916,25.649025],[-100.351569,25.648617],[-100.355251,25.648617],[-100.358905,25.649025],[-100.362475,25.649834],[-100.365908,25.651032],[-100.369152,25.652602],[-100.372156,25.654519],[-100.374877,25.656755],[-100.377272,25.659274],[-100.379306,25.66204],[-100.380947,25.665011],[-100.382171,25.66814],[-100.382958,25.671381],[-100.383298,25.674685],[-100.383185,25.678002],[-100.38262,25.681281],[-100.381612,25.684472],[-100.380177,25.687528],[-100.378336,25.690401],[-100.376118,25.693049],[-100.373555,25.695431],[-100.370687,25.697511],[-100.367557,25.699258],[-100.364212,25.700645],[-100.360704,25.701651],[-100.357085,25.70226],[-100.35341,25.702465]]]}}",1930290328,Mr Beast Burger - San Jerónimo Monterrey - Turbo,25.67551513,-100.3534102
"{""type"":""Feature"",""properties"":{""Store ID"":1930290755,""Store Name"":""Mr Beast Burger - Lincoln - Turbo"",""STORE_LAT"":25.72272763,""STORE_LNG"":-100.3613238},""geometry"":{""type"":""Polygon"",""coordinates"":[[[-100.361324,25.749677],[-100.357648,25.749473],[-100.354027,25.748863],[-100.350518,25.747857],[-100.347172,25.74647],[-100.34404,25.744724],[-100.341171,25.742644],[-100.338607,25.740261],[-100.336388,25.737614],[-100.334546,25.73474],[-100.33311,25.731684],[-100.332103,25.728493],[-100.331538,25.725214],[-100.331424,25.721898],[-100.331764,25.718594],[-100.332552,25.715353],[-100.333776,25.712223],[-100.335418,25.709253],[-100.337452,25.706487],[-100.339848,25.703967],[-100.34257,25.701732],[-100.345576,25.699815],[-100.348821,25.698245],[-100.352255,25.697046],[-100.355827,25.696237],[-100.359482,25.695829],[-100.363165,25.695829],[-100.36682,25.696237],[-100.370392,25.697046],[-100.373827,25.698245],[-100.377071,25.699815],[-100.380077,25.701732],[-100.382799,25.703967],[-100.385195,25.706487],[-100.38723,25.709253],[-100.388872,25.712223],[-100.390096,25.715353],[-100.390884,25.718594],[-100.391223,25.721898],[-100.39111,25.725214],[-100.390545,25.728493],[-100.389537,25.731684],[-100.388102,25.73474],[-100.38626,25.737614],[-100.38404,25.740261],[-100.381477,25.742644],[-100.378607,25.744724],[-100.375476,25.74647],[-100.37213,25.747857],[-100.36862,25.748863],[-100.365,25.749473],[-100.361324,25.749677]]]}}",1930290755,Mr Beast Burger - Lincoln - Turbo,25.72272763,-100.3613238
"{""type"":""Feature"",""properties"":{""Store ID"":1930101785,""Store Name"":""Mr Beast Burger Turbo - Polanco"",""STORE_LAT"":19.4443812,""STORE_LNG"":-99.1989995},""geometry"":{""type"":""Polygon"",""coordinates"":[[[-99.198999,19.471331],[-99.195487,19.471126],[-99.192029,19.470517],[-99.188675,19.469511],[-99.185479,19.468124],[-99.182487,19.466377],[-99.179746,19.464297],[-99.177296,19.461915],[-99.175176,19.459267],[-99.173416,19.456394],[-99.172045,19.453338],[-99.171082,19.450147],[-99.170542,19.446868],[-99.170434,19.443551],[-99.170758,19.440247],[-99.171511,19.437006],[-99.17268,19.433877],[-99.174249,19.430906],[-99.176193,19.428141],[-99.178482,19.425621],[-99.181082,19.423385],[-99.183954,19.421468],[-99.187054,19.419899],[-99.190336,19.4187],[-99.193748,19.417891],[-99.19724,19.417483],[-99.200759,19.417483],[-99.204251,19.417891],[-99.207663,19.4187],[-99.210945,19.419899],[-99.214045,19.421468],[-99.216917,19.423385],[-99.219517,19.425621],[-99.221806,19.428141],[-99.22375,19.430906],[-99.225319,19.433877],[-99.226488,19.437006],[-99.227241,19.440247],[-99.227565,19.443551],[-99.227457,19.446868],[-99.226917,19.450147],[-99.225954,19.453338],[-99.224583,19.456394],[-99.222823,19.459267],[-99.220703,19.461915],[-99.218253,19.464297],[-99.215512,19.466377],[-99.21252,19.468124],[-99.209324,19.469511],[-99.20597,19.470517],[-99.202512,19.471126],[-99.198999,19.471331]]]}}",1930101785,Mr Beast Burger Turbo - Polanco,19.4443812,-99.1989995
"{""type"":""Feature"",""properties"":{""Store ID"":1930321675,""Store Name"":""Mr Beast Burger - Saltillo Centro - Turbo"",""STORE_LAT"":25.43077478,""STORE_LNG"":-101.003145},""geometry"":{""type"":""Polygon"",""coordinates"":[[[-101.003145,25.457724],[-100.999478,25.45752],[-100.995866,25.45691],[-100.992365,25.455904],[-100.989027,25.454518],[-100.985904,25.452771],[-100.983041,25.450691],[-100.980484,25.448309],[-100.97827,25.445661],[-100.976433,25.442787],[-100.975,25.439732],[-100.973995,25.43654],[-100.973431,25.433261],[-100.973318,25.429945],[-100.973657,25.426641],[-100.974443,25.4234],[-100.975664,25.42027],[-100.977302,25.4173],[-100.979331,25.414534],[-100.981722,25.412014],[-100.984437,25.409779],[-100.987436,25.407862],[-100.990673,25.406292],[-100.994099,25.405094],[-100.997662,25.404284],[-101.001308,25.403876],[-101.004982,25.403876],[-101.008628,25.404284],[-101.012191,25.405094],[-101.015617,25.406292],[-101.018854,25.407862],[-101.021853,25.409779],[-101.024568,25.412014],[-101.026959,25.414534],[-101.028988,25.4173],[-101.030626,25.42027],[-101.031847,25.4234],[-101.032633,25.426641],[-101.032972,25.429945],[-101.032859,25.433261],[-101.032295,25.43654],[-101.03129,25.439732],[-101.029857,25.442787],[-101.02802,25.445661],[-101.025806,25.448309],[-101.023249,25.450691],[-101.020386,25.452771],[-101.017263,25.454518],[-101.013925,25.455904],[-101.010424,25.45691],[-101.006812,25.45752],[-101.003145,25.457724]]]}}",1930321675,Mr Beast Burger - Saltillo Centro - Turbo,25.43077478,-101.003145
"{""type"":""Feature"",""properties"":{""Store ID"":1930290756,""Store Name"":""Mr Beast Burger Tabachines - Turbo"",""STORE_LAT"":20.7284291,""STORE_LNG"":-103.3870886},""geometry"":{""type"":""Polygon"",""coordinates"":[[[-103.387089,20.755379],[-103.383548,20.755174],[-103.38006,20.754565],[-103.37668,20.753559],[-103.373457,20.752172],[-103.37044,20.750425],[-103.367676,20.748345],[-103.365207,20.745963],[-103.363069,20.743315],[-103.361295,20.740442],[-103.359912,20.737386],[-103.358941,20.734194],[-103.358397,20.730916],[-103.358288,20.727599],[-103.358615,20.724295],[-103.359374,20.721054],[-103.360553,20.717925],[-103.362134,20.714954],[-103.364094,20.712188],[-103.366402,20.709669],[-103.369024,20.707433],[-103.37192,20.705516],[-103.375045,20.703946],[-103.378353,20.702748],[-103.381794,20.701939],[-103.385315,20.701531],[-103.388862,20.701531],[-103.392383,20.701939],[-103.395824,20.702748],[-103.399132,20.703946],[-103.402258,20.705516],[-103.405153,20.707433],[-103.407775,20.709669],[-103.410083,20.712188],[-103.412043,20.714954],[-103.413624,20.717925],[-103.414803,20.721054],[-103.415562,20.724295],[-103.41589,20.727599],[-103.41578,20.730916],[-103.415236,20.734194],[-103.414265,20.737386],[-103.412882,20.740442],[-103.411109,20.743315],[-103.408971,20.745963],[-103.406501,20.748345],[-103.403737,20.750425],[-103.400721,20.752172],[-103.397498,20.753559],[-103.394117,20.754565],[-103.39063,20.755174],[-103.387089,20.755379]]]}}",1930290756,Mr Beast Burger Tabachines - Turbo,20.7284291,-103.3870886
"{""type"":""Feature"",""properties"":{""Store ID"":1930321508,""Store Name"":""Órale Chilaquiles - Ciudad Judicial - Turbo"",""STORE_LAT"":19.01441122,""STORE_LNG"":-98.26956549},""geometry"":{""type"":""Polygon"",""coordinates"":[[[-98.269565,19.041361],[-98.266063,19.041156],[-98.262613,19.040547],[-98.259268,19.039541],[-98.25608,19.038154],[-98.253096,19.036407],[-98.250362,19.034327],[-98.247919,19.031945],[-98.245804,19.029297],[-98.244049,19.026424],[-98.242681,19.023368],[-98.241721,19.020177],[-98.241182,19.016898],[-98.241074,19.013581],[-98.241398,19.010277],[-98.242149,19.007036],[-98.243315,19.003907],[-98.24488,19.000936],[-98.246818,18.998171],[-98.249102,18.995651],[-98.251695,18.993415],[-98.25456,18.991498],[-98.257652,18.989929],[-98.260924,18.98873],[-98.264328,18.987921],[-98.267811,18.987513],[-98.27132,18.987513],[-98.274803,18.987921],[-98.278207,18.98873],[-98.281479,18.989929],[-98.284571,18.991498],[-98.287436,18.993415],[-98.290029,18.995651],[-98.292313,18.998171],[-98.294251,19.000936],[-98.295816,19.003907],[-98.296982,19.007036],[-98.297733,19.010277],[-98.298057,19.013581],[-98.297949,19.016898],[-98.29741,19.020177],[-98.29645,19.023368],[-98.295082,19.026424],[-98.293327,19.029297],[-98.291212,19.031945],[-98.288769,19.034327],[-98.286035,19.036407],[-98.283051,19.038154],[-98.279863,19.039541],[-98.276518,19.040547],[-98.273068,19.041156],[-98.269565,19.041361]]]}}",1930321508,Órale Chilaquiles - Ciudad Judicial - Turbo,19.01441122,-98.26956549
"{""type"":""Feature"",""properties"":{""Store ID"":1930321503,""Store Name"":""Órale Chilaquiles- Lindavista - Turbo"",""STORE_LAT"":19.49147235,""STORE_LNG"":-99.1530805},""geometry"":{""type"":""Polygon"",""coordinates"":[[[-99.153081,19.518422],[-99.149567,19.518218],[-99.146108,19.517608],[-99.142753,19.516602],[-99.139556,19.515215],[-99.136563,19.513468],[-99.133821,19.511388],[-99.131371,19.509006],[-99.12925,19.506358],[-99.12749,19.503485],[-99.126118,19.500429],[-99.125155,19.497238],[-99.124615,19.493959],[-99.124506,19.490642],[-99.124831,19.487339],[-99.125584,19.484097],[-99.126754,19.480968],[-99.128323,19.477998],[-99.130267,19.475232],[-99.132557,19.472712],[-99.135158,19.470477],[-99.138031,19.468559],[-99.141132,19.46699],[-99.144414,19.465791],[-99.147828,19.464982],[-99.151321,19.464574],[-99.15484,19.464574],[-99.158333,19.464982],[-99.161747,19.465791],[-99.165029,19.46699],[-99.16813,19.468559],[-99.171003,19.470477],[-99.173604,19.472712],[-99.175894,19.475232],[-99.177838,19.477998],[-99.179407,19.480968],[-99.180577,19.484097],[-99.18133,19.487339],[-99.181655,19.490642],[-99.181546,19.493959],[-99.181006,19.497238],[-99.180043,19.500429],[-99.178671,19.503485],[-99.176911,19.506358],[-99.17479,19.509006],[-99.17234,19.511388],[-99.169598,19.513468],[-99.166605,19.515215],[-99.163408,19.516602],[-99.160053,19.517608],[-99.156594,19.518218],[-99.153081,19.518422]]]}}",1930321503,Órale Chilaquiles- Lindavista - Turbo,19.49147235,-99.1530805
"{""type"":""Feature"",""properties"":{""Store ID"":1930321484,""Store Name"":""Órale Chilaquiles Coapa - Turbo"",""STORE_LAT"":19.3053737,""STORE_LNG"":-99.12727058},""geometry"":{""type"":""Polygon"",""coordinates"":[[[-99.127271,19.332323],[-99.123761,19.332119],[-99.120306,19.331509],[-99.116955,19.330503],[-99.113761,19.329117],[-99.110772,19.32737],[-99.108033,19.32529],[-99.105586,19.322908],[-99.103467,19.32026],[-99.101709,19.317386],[-99.100339,19.31433],[-99.099377,19.311139],[-99.098837,19.30786],[-99.098729,19.304544],[-99.099053,19.30124],[-99.099806,19.297999],[-99.100974,19.294869],[-99.102541,19.291899],[-99.104483,19.289133],[-99.106771,19.286613],[-99.109369,19.284378],[-99.112238,19.282461],[-99.115336,19.280891],[-99.118614,19.279692],[-99.122024,19.278883],[-99.125513,19.278475],[-99.129028,19.278475],[-99.132518,19.278883],[-99.135927,19.279692],[-99.139205,19.280891],[-99.142303,19.282461],[-99.145172,19.284378],[-99.147771,19.286613],[-99.150058,19.289133],[-99.152,19.291899],[-99.153567,19.294869],[-99.154736,19.297999],[-99.155488,19.30124],[-99.155812,19.304544],[-99.155704,19.30786],[-99.155165,19.311139],[-99.154202,19.31433],[-99.152832,19.317386],[-99.151074,19.32026],[-99.148955,19.322908],[-99.146508,19.32529],[-99.143769,19.32737],[-99.14078,19.329117],[-99.137586,19.330503],[-99.134236,19.331509],[-99.13078,19.332119],[-99.127271,19.332323]]]}}",1930321484,Órale Chilaquiles Coapa - Turbo,19.3053737,-99.12727058
"{""type"":""Feature"",""properties"":{""Store ID"":1930321496,""Store Name"":""Órale Chilaquiles - Roma - Turbo"",""STORE_LAT"":19.42015679,""STORE_LNG"":-99.14609198},""geometry"":{""type"":""Polygon"",""coordinates"":[[[-99.146092,19.447106],[-99.14258,19.446902],[-99.139122,19.446292],[-99.135769,19.445286],[-99.132573,19.4439],[-99.129582,19.442153],[-99.126841,19.440073],[-99.124392,19.437691],[-99.122272,19.435043],[-99.120512,19.432169],[-99.119141,19.429114],[-99.118178,19.425922],[-99.117639,19.422643],[-99.11753,19.419327],[-99.117855,19.416023],[-99.118608,19.412782],[-99.119777,19.409652],[-99.121345,19.406682],[-99.123288,19.403916],[-99.125577,19.401396],[-99.128177,19.399161],[-99.131049,19.397244],[-99.134149,19.395674],[-99.137429,19.394476],[-99.140841,19.393666],[-99.144333,19.393258],[-99.147851,19.393258],[-99.151343,19.393666],[-99.154755,19.394476],[-99.158035,19.395674],[-99.161135,19.397244],[-99.164006,19.399161],[-99.166606,19.401396],[-99.168896,19.403916],[-99.170839,19.406682],[-99.172407,19.409652],[-99.173576,19.412782],[-99.174329,19.416023],[-99.174654,19.419327],[-99.174545,19.422643],[-99.174006,19.425922],[-99.173043,19.429114],[-99.171671,19.432169],[-99.169912,19.435043],[-99.167792,19.437691],[-99.165343,19.440073],[-99.162602,19.442153],[-99.159611,19.4439],[-99.156415,19.445286],[-99.153062,19.446292],[-99.149604,19.446902],[-99.146092,19.447106]]]}}",1930321496,Órale Chilaquiles - Roma - Turbo,19.42015679,-99.14609198
"{""type"":""Feature"",""properties"":{""Store ID"":1930321513,""Store Name"":""Órale Chilaquiles Del Valle - Turbo Miguel Angel 27 3607"",""STORE_LAT"":19.3738474,""STORE_LNG"":-99.1889508},""geometry"":{""type"":""Polygon"",""coordinates"":[[[-99.188951,19.400797],[-99.18544,19.400593],[-99.181983,19.399983],[-99.178631,19.398977],[-99.175436,19.39759],[-99.172445,19.395843],[-99.169705,19.393763],[-99.167257,19.391381],[-99.165137,19.388733],[-99.163379,19.38586],[-99.162008,19.382804],[-99.161045,19.379613],[-99.160506,19.376334],[-99.160397,19.373017],[-99.160722,19.369714],[-99.161474,19.366472],[-99.162643,19.363343],[-99.164211,19.360373],[-99.166154,19.357607],[-99.168442,19.355087],[-99.171041,19.352852],[-99.173912,19.350935],[-99.177011,19.349365],[-99.180291,19.348166],[-99.183702,19.347357],[-99.187192,19.346949],[-99.190709,19.346949],[-99.1942,19.347357],[-99.197611,19.348166],[-99.200891,19.349365],[-99.203989,19.350935],[-99.20686,19.352852],[-99.209459,19.355087],[-99.211748,19.357607],[-99.213691,19.360373],[-99.215258,19.363343],[-99.216427,19.366472],[-99.21718,19.369714],[-99.217504,19.373017],[-99.217396,19.376334],[-99.216857,19.379613],[-99.215894,19.382804],[-99.214523,19.38586],[-99.212764,19.388733],[-99.210645,19.391381],[-99.208196,19.393763],[-99.205456,19.395843],[-99.202466,19.39759],[-99.19927,19.398977],[-99.195919,19.399983],[-99.192461,19.400593],[-99.188951,19.400797]]]}}",1930321513,Órale Chilaquiles Del Valle - Turbo Miguel Angel 27 3607,19.3738474,-99.1889508
"{""type"":""Feature"",""properties"":{""Store ID"":1930321507,""Store Name"":""Órale Chilaquiles - San Ángel - Turbo"",""STORE_LAT"":19.3472217,""STORE_LNG"":-99.1904483},""geometry"":{""type"":""Polygon"",""coordinates"":[[[-99.190448,19.374171],[-99.186938,19.373967],[-99.183482,19.373357],[-99.18013,19.372351],[-99.176936,19.370965],[-99.173946,19.369218],[-99.171206,19.367138],[-99.168758,19.364756],[-99.166639,19.362108],[-99.16488,19.359234],[-99.16351,19.356178],[-99.162547,19.352987],[-99.162008,19.349708],[-99.161899,19.346392],[-99.162224,19.343088],[-99.162976,19.339847],[-99.164145,19.336717],[-99.165713,19.333747],[-99.167655,19.330981],[-99.169943,19.328461],[-99.172542,19.326226],[-99.175412,19.324309],[-99.17851,19.322739],[-99.18179,19.32154],[-99.1852,19.320731],[-99.18869,19.320323],[-99.192207,19.320323],[-99.195697,19.320731],[-99.199107,19.32154],[-99.202386,19.322739],[-99.205484,19.324309],[-99.208355,19.326226],[-99.210954,19.328461],[-99.213242,19.330981],[-99.215184,19.333747],[-99.216752,19.336717],[-99.21792,19.339847],[-99.218673,19.343088],[-99.218997,19.346392],[-99.218889,19.349708],[-99.218349,19.352987],[-99.217387,19.356178],[-99.216016,19.359234],[-99.214258,19.362108],[-99.212139,19.364756],[-99.209691,19.367138],[-99.206951,19.369218],[-99.203961,19.370965],[-99.200766,19.372351],[-99.197415,19.373357],[-99.193958,19.373967],[-99.190448,19.374171]]]}}",1930321507,Órale Chilaquiles - San Ángel - Turbo,19.3472217,-99.1904483
"{""type"":""Feature"",""properties"":{""Store ID"":1930321502,""Store Name"":""Órale Chilaquiles- Jardines Guadalajara - Turbo"",""STORE_LAT"":20.68719467,""STORE_LNG"":-103.4241877},""geometry"":{""type"":""Polygon"",""coordinates"":[[[-103.424188,20.714144],[-103.420648,20.71394],[-103.417161,20.71333],[-103.413781,20.712324],[-103.410559,20.710937],[-103.407544,20.709191],[-103.404781,20.707111],[-103.402312,20.704728],[-103.400174,20.702081],[-103.398401,20.699207],[-103.397018,20.696151],[-103.396048,20.69296],[-103.395504,20.689681],[-103.395395,20.686365],[-103.395722,20.683061],[-103.396481,20.67982],[-103.397659,20.67669],[-103.39924,20.67372],[-103.401199,20.670954],[-103.403507,20.668434],[-103.406128,20.666199],[-103.409023,20.664282],[-103.412148,20.662712],[-103.415455,20.661513],[-103.418894,20.660704],[-103.422414,20.660296],[-103.425961,20.660296],[-103.429481,20.660704],[-103.432921,20.661513],[-103.436228,20.662712],[-103.439353,20.664282],[-103.442247,20.666199],[-103.444868,20.668434],[-103.447176,20.670954],[-103.449135,20.67372],[-103.450716,20.67669],[-103.451895,20.67982],[-103.452654,20.683061],[-103.452981,20.686365],[-103.452872,20.689681],[-103.452328,20.69296],[-103.451357,20.696151],[-103.449975,20.699207],[-103.448201,20.702081],[-103.446064,20.704728],[-103.443595,20.707111],[-103.440832,20.709191],[-103.437816,20.710937],[-103.434594,20.712324],[-103.431214,20.71333],[-103.427728,20.71394],[-103.424188,20.714144]]]}}",1930321502,Órale Chilaquiles- Jardines Guadalajara - Turbo,20.68719467,-103.4241877
"{""type"":""Feature"",""properties"":{""Store ID"":1930321505,""Store Name"":""Órale Chilaquiles- Jardines Del Valle - Turbo"",""STORE_LAT"":20.7638322,""STORE_LNG"":-103.4382062},""geometry"":{""type"":""Polygon"",""coordinates"":[[[-103.438206,20.790782],[-103.434664,20.790577],[-103.431176,20.789968],[-103.427795,20.788962],[-103.424571,20.787575],[-103.421554,20.785828],[-103.418789,20.783748],[-103.416319,20.781366],[-103.414181,20.778718],[-103.412406,20.775845],[-103.411023,20.772789],[-103.410052,20.769598],[-103.409508,20.766319],[-103.409398,20.763002],[-103.409726,20.759698],[-103.410485,20.756457],[-103.411664,20.753328],[-103.413246,20.750357],[-103.415206,20.747592],[-103.417515,20.745072],[-103.420137,20.742836],[-103.423034,20.740919],[-103.42616,20.73935],[-103.429469,20.738151],[-103.43291,20.737342],[-103.436432,20.736934],[-103.43998,20.736934],[-103.443502,20.737342],[-103.446943,20.738151],[-103.450252,20.73935],[-103.453379,20.740919],[-103.456275,20.742836],[-103.458897,20.745072],[-103.461206,20.747592],[-103.463166,20.750357],[-103.464748,20.753328],[-103.465927,20.756457],[-103.466687,20.759698],[-103.467014,20.763002],[-103.466905,20.766319],[-103.46636,20.769598],[-103.465389,20.772789],[-103.464006,20.775845],[-103.462232,20.778718],[-103.460093,20.781366],[-103.457623,20.783748],[-103.454858,20.785828],[-103.451841,20.787575],[-103.448618,20.788962],[-103.445236,20.789968],[-103.441748,20.790577],[-103.438206,20.790782]]]}}",1930321505,Órale Chilaquiles- Jardines Del Valle - Turbo,20.7638322,-103.4382062
"{""type"":""Feature"",""properties"":{""Store ID"":1930321495,""Store Name"":""Órale Chilaquiles - Tlaquepaque - Turbo"",""STORE_LAT"":20.65230196,""STORE_LNG"":-103.2908928},""geometry"":{""type"":""Polygon"",""coordinates"":[[[-103.290893,20.679251],[-103.287354,20.679047],[-103.283868,20.678437],[-103.280489,20.677432],[-103.277268,20.676045],[-103.274253,20.674298],[-103.27149,20.672218],[-103.269022,20.669836],[-103.266885,20.667188],[-103.265112,20.664314],[-103.26373,20.661259],[-103.262759,20.658067],[-103.262215,20.654789],[-103.262106,20.651472],[-103.262433,20.648168],[-103.263192,20.644927],[-103.264371,20.641797],[-103.265951,20.638827],[-103.26791,20.636061],[-103.270217,20.633542],[-103.272837,20.631306],[-103.275731,20.629389],[-103.278855,20.627819],[-103.282162,20.626621],[-103.285601,20.625811],[-103.28912,20.625404],[-103.292666,20.625404],[-103.296185,20.625811],[-103.299624,20.626621],[-103.30293,20.627819],[-103.306054,20.629389],[-103.308948,20.631306],[-103.311569,20.633542],[-103.313876,20.636061],[-103.315835,20.638827],[-103.317415,20.641797],[-103.318594,20.644927],[-103.319352,20.648168],[-103.319679,20.651472],[-103.31957,20.654789],[-103.319026,20.658067],[-103.318056,20.661259],[-103.316674,20.664314],[-103.314901,20.667188],[-103.312764,20.669836],[-103.310295,20.672218],[-103.307533,20.674298],[-103.304518,20.676045],[-103.301297,20.677432],[-103.297918,20.678437],[-103.294432,20.679047],[-103.290893,20.679251]]]}}",1930321495,Órale Chilaquiles - Tlaquepaque - Turbo,20.65230196,-103.2908928
"{""type"":""Feature"",""properties"":{""Store ID"":1930321498,""Store Name"":""Órale Chilaquiles - Polanco - Turbo"",""STORE_LAT"":19.44435907,""STORE_LNG"":-99.19894519},""geometry"":{""type"":""Polygon"",""coordinates"":[[[-99.198945,19.471309],[-99.195433,19.471104],[-99.191974,19.470495],[-99.188621,19.469489],[-99.185424,19.468102],[-99.182433,19.466355],[-99.179691,19.464275],[-99.177242,19.461893],[-99.175121,19.459245],[-99.173362,19.456371],[-99.17199,19.453316],[-99.171027,19.450124],[-99.170488,19.446846],[-99.170379,19.443529],[-99.170704,19.440225],[-99.171457,19.436984],[-99.172626,19.433855],[-99.174195,19.430884],[-99.176138,19.428118],[-99.178428,19.425599],[-99.181028,19.423363],[-99.1839,19.421446],[-99.187,19.419876],[-99.190281,19.418678],[-99.193694,19.417868],[-99.197186,19.417461],[-99.200705,19.417461],[-99.204197,19.417868],[-99.207609,19.418678],[-99.21089,19.419876],[-99.21399,19.421446],[-99.216862,19.423363],[-99.219463,19.425599],[-99.221752,19.428118],[-99.223696,19.430884],[-99.225264,19.433855],[-99.226434,19.436984],[-99.227186,19.440225],[-99.227511,19.443529],[-99.227403,19.446846],[-99.226863,19.450124],[-99.2259,19.453316],[-99.224528,19.456371],[-99.222769,19.459245],[-99.220649,19.461893],[-99.218199,19.464275],[-99.215458,19.466355],[-99.212466,19.468102],[-99.209269,19.469489],[-99.205916,19.470495],[-99.202457,19.471104],[-99.198945,19.471309]]]}}",1930321498,Órale Chilaquiles - Polanco - Turbo,19.44435907,-99.19894519
"{""type"":""Feature"",""properties"":{""Store ID"":1930321494,""Store Name"":""Órale Chilaquiles- Saltillo Centro - Turbo"",""STORE_LAT"":25.43077478,""STORE_LNG"":-101.003143},""geometry"":{""type"":""Polygon"",""coordinates"":[[[-101.003143,25.457724],[-100.999476,25.45752],[-100.995864,25.45691],[-100.992363,25.455904],[-100.989025,25.454518],[-100.985902,25.452771],[-100.983039,25.450691],[-100.980482,25.448309],[-100.978268,25.445661],[-100.976431,25.442787],[-100.974998,25.439732],[-100.973993,25.43654],[-100.973429,25.433261],[-100.973316,25.429945],[-100.973655,25.426641],[-100.974441,25.4234],[-100.975662,25.42027],[-100.9773,25.4173],[-100.979329,25.414534],[-100.98172,25.412014],[-100.984435,25.409779],[-100.987434,25.407862],[-100.990671,25.406292],[-100.994097,25.405094],[-100.99766,25.404284],[-101.001306,25.403876],[-101.00498,25.403876],[-101.008626,25.404284],[-101.012189,25.405094],[-101.015615,25.406292],[-101.018852,25.407862],[-101.021851,25.409779],[-101.024566,25.412014],[-101.026957,25.414534],[-101.028986,25.4173],[-101.030624,25.42027],[-101.031845,25.4234],[-101.032631,25.426641],[-101.03297,25.429945],[-101.032857,25.433261],[-101.032293,25.43654],[-101.031288,25.439732],[-101.029855,25.442787],[-101.028018,25.445661],[-101.025804,25.448309],[-101.023247,25.450691],[-101.020384,25.452771],[-101.017261,25.454518],[-101.013923,25.455904],[-101.010422,25.45691],[-101.00681,25.45752],[-101.003143,25.457724]]]}}",1930321494,Órale Chilaquiles- Saltillo Centro - Turbo,25.43077478,-101.003143
"{""type"":""Feature"",""properties"":{""Store ID"":1930321500,""Store Name"":""Órale Chilaquiles- Santa Teresita - Turbo"",""STORE_LAT"":20.67704232,""STORE_LNG"":-103.3760249},""geometry"":{""type"":""Polygon"",""coordinates"":[[[-103.376025,20.703992],[-103.372485,20.703788],[-103.368999,20.703178],[-103.365619,20.702172],[-103.362397,20.700785],[-103.359382,20.699038],[-103.356619,20.696958],[-103.35415,20.694576],[-103.352013,20.691928],[-103.35024,20.689055],[-103.348857,20.685999],[-103.347887,20.682808],[-103.347343,20.679529],[-103.347234,20.676212],[-103.347561,20.672908],[-103.34832,20.669667],[-103.349498,20.666538],[-103.351079,20.663568],[-103.353038,20.660802],[-103.355346,20.658282],[-103.357966,20.656047],[-103.360861,20.654129],[-103.363986,20.65256],[-103.367293,20.651361],[-103.370732,20.650552],[-103.374252,20.650144],[-103.377798,20.650144],[-103.381318,20.650552],[-103.384757,20.651361],[-103.388064,20.65256],[-103.391189,20.654129],[-103.394083,20.656047],[-103.396704,20.658282],[-103.399012,20.660802],[-103.400971,20.663568],[-103.402552,20.666538],[-103.40373,20.669667],[-103.404489,20.672908],[-103.404816,20.676212],[-103.404707,20.679529],[-103.404163,20.682808],[-103.403192,20.685999],[-103.40181,20.689055],[-103.400037,20.691928],[-103.397899,20.694576],[-103.395431,20.696958],[-103.392668,20.699038],[-103.389652,20.700785],[-103.38643,20.702172],[-103.383051,20.703178],[-103.379565,20.703788],[-103.376025,20.703992]]]}}",1930321500,Órale Chilaquiles- Santa Teresita - Turbo,20.67704232,-103.3760249
"{""type"":""Feature"",""properties"":{""Store ID"":1930322423,""Store Name"":""Órale Desayunos- Ciudad Judicial - Turbo Rest"",""STORE_LAT"":19.01426414,""STORE_LNG"":-98.26944143},""geometry"":{""type"":""Polygon"",""coordinates"":[[[-98.269441,19.041214],[-98.265939,19.041009],[-98.262489,19.0404],[-98.259144,19.039394],[-98.255956,19.038007],[-98.252972,19.03626],[-98.250238,19.03418],[-98.247795,19.031798],[-98.24568,19.02915],[-98.243925,19.026277],[-98.242557,19.023221],[-98.241597,19.02003],[-98.241058,19.016751],[-98.24095,19.013434],[-98.241274,19.01013],[-98.242025,19.006889],[-98.243191,19.00376],[-98.244756,19.000789],[-98.246694,18.998023],[-98.248978,18.995504],[-98.251571,18.993268],[-98.254436,18.991351],[-98.257528,18.989781],[-98.2608,18.988583],[-98.264204,18.987774],[-98.267687,18.987366],[-98.271196,18.987366],[-98.274679,18.987774],[-98.278083,18.988583],[-98.281355,18.989781],[-98.284447,18.991351],[-98.287312,18.993268],[-98.289905,18.995504],[-98.292189,18.998023],[-98.294127,19.000789],[-98.295692,19.00376],[-98.296858,19.006889],[-98.297609,19.01013],[-98.297933,19.013434],[-98.297825,19.016751],[-98.297286,19.02003],[-98.296326,19.023221],[-98.294958,19.026277],[-98.293203,19.02915],[-98.291088,19.031798],[-98.288645,19.03418],[-98.285911,19.03626],[-98.282927,19.038007],[-98.279739,19.039394],[-98.276394,19.0404],[-98.272944,19.041009],[-98.269441,19.041214]]]}}",1930322423,Órale Desayunos- Ciudad Judicial - Turbo Rest,19.01426414,-98.26944143
"{""type"":""Feature"",""properties"":{""Store ID"":1930322422,""Store Name"":""Órale Desayunos - Lindavista - Turbo"",""STORE_LAT"":19.49147597,""STORE_LNG"":-99.15308201},""geometry"":{""type"":""Polygon"",""coordinates"":[[[-99.153082,19.518425],[-99.149569,19.518221],[-99.146109,19.517611],[-99.142755,19.516606],[-99.139557,19.515219],[-99.136565,19.513472],[-99.133823,19.511392],[-99.131372,19.50901],[-99.129251,19.506362],[-99.127491,19.503488],[-99.126119,19.500433],[-99.125156,19.497241],[-99.124616,19.493963],[-99.124508,19.490646],[-99.124833,19.487342],[-99.125586,19.484101],[-99.126755,19.480971],[-99.128324,19.478001],[-99.130268,19.475235],[-99.132558,19.472716],[-99.13516,19.47048],[-99.138032,19.468563],[-99.141133,19.466993],[-99.144416,19.465795],[-99.147829,19.464985],[-99.151322,19.464578],[-99.154842,19.464578],[-99.158335,19.464985],[-99.161748,19.465795],[-99.165031,19.466993],[-99.168132,19.468563],[-99.171004,19.47048],[-99.173606,19.472716],[-99.175896,19.475235],[-99.17784,19.478001],[-99.179409,19.480971],[-99.180578,19.484101],[-99.181331,19.487342],[-99.181656,19.490646],[-99.181548,19.493963],[-99.181008,19.497241],[-99.180045,19.500433],[-99.178673,19.503488],[-99.176913,19.506362],[-99.174792,19.50901],[-99.172341,19.511392],[-99.169599,19.513472],[-99.166607,19.515219],[-99.163409,19.516606],[-99.160055,19.517611],[-99.156595,19.518221],[-99.153082,19.518425]]]}}",1930322422,Órale Desayunos - Lindavista - Turbo,19.49147597,-99.15308201
"{""type"":""Feature"",""properties"":{""Store ID"":1930322415,""Store Name"":""Órale Desayunos - Coapa - Turbo"",""STORE_LAT"":19.30536395,""STORE_LNG"":-99.1270861},""geometry"":{""type"":""Polygon"",""coordinates"":[[[-99.127086,19.332313],[-99.123577,19.332109],[-99.120121,19.331499],[-99.116771,19.330494],[-99.113577,19.329107],[-99.110588,19.32736],[-99.107849,19.32528],[-99.105401,19.322898],[-99.103282,19.32025],[-99.101525,19.317376],[-99.100154,19.314321],[-99.099192,19.311129],[-99.098653,19.307851],[-99.098545,19.304534],[-99.098869,19.30123],[-99.099621,19.297989],[-99.10079,19.294859],[-99.102357,19.291889],[-99.104299,19.289123],[-99.106586,19.286604],[-99.109184,19.284368],[-99.112054,19.282451],[-99.115151,19.280881],[-99.11843,19.279683],[-99.121839,19.278873],[-99.125328,19.278466],[-99.128844,19.278466],[-99.132333,19.278873],[-99.135743,19.279683],[-99.139021,19.280881],[-99.142118,19.282451],[-99.144988,19.284368],[-99.147586,19.286604],[-99.149874,19.289123],[-99.151816,19.291889],[-99.153383,19.294859],[-99.154551,19.297989],[-99.155303,19.30123],[-99.155628,19.304534],[-99.155519,19.307851],[-99.15498,19.311129],[-99.154018,19.314321],[-99.152648,19.317376],[-99.15089,19.32025],[-99.148771,19.322898],[-99.146324,19.32528],[-99.143584,19.32736],[-99.140595,19.329107],[-99.137401,19.330494],[-99.134051,19.331499],[-99.130595,19.332109],[-99.127086,19.332313]]]}}",1930322415,Órale Desayunos - Coapa - Turbo,19.30536395,-99.1270861
"{""type"":""Feature"",""properties"":{""Store ID"":1930294781,""Store Name"":""Órale Desayunos - Tec de Monterrey - Turbo"",""STORE_LAT"":25.6559117,""STORE_LNG"":-100.2920663},""geometry"":{""type"":""Polygon"",""coordinates"":[[[-100.292066,25.682861],[-100.288392,25.682657],[-100.284774,25.682047],[-100.281266,25.681041],[-100.277922,25.679655],[-100.274793,25.677908],[-100.271925,25.675828],[-100.269362,25.673446],[-100.267144,25.670798],[-100.265304,25.667924],[-100.263869,25.664868],[-100.262861,25.661677],[-100.262297,25.658398],[-100.262183,25.655082],[-100.262523,25.651778],[-100.263311,25.648537],[-100.264534,25.645407],[-100.266175,25.642437],[-100.268208,25.639671],[-100.270603,25.637151],[-100.273323,25.634916],[-100.276328,25.632999],[-100.279571,25.631429],[-100.283003,25.63023],[-100.286573,25.629421],[-100.290226,25.629013],[-100.293907,25.629013],[-100.29756,25.629421],[-100.30113,25.63023],[-100.304562,25.631429],[-100.307805,25.632999],[-100.310809,25.634916],[-100.31353,25.637151],[-100.315925,25.639671],[-100.317958,25.642437],[-100.319599,25.645407],[-100.320822,25.648537],[-100.321609,25.651778],[-100.321949,25.655082],[-100.321836,25.658398],[-100.321271,25.661677],[-100.320264,25.664868],[-100.318829,25.667924],[-100.316989,25.670798],[-100.31477,25.673446],[-100.312208,25.675828],[-100.30934,25.677908],[-100.30621,25.679655],[-100.302866,25.681041],[-100.299359,25.682047],[-100.29574,25.682657],[-100.292066,25.682861]]]}}",1930294781,Órale Desayunos - Tec de Monterrey - Turbo,25.6559117,-100.2920663
"{""type"":""Feature"",""properties"":{""Store ID"":1930294782,""Store Name"":""Órale Desayunos - Roma - Turbo"",""STORE_LAT"":19.42042909,""STORE_LNG"":-99.14575006},""geometry"":{""type"":""Polygon"",""coordinates"":[[[-99.14575,19.447379],[-99.142238,19.447174],[-99.13878,19.446565],[-99.135427,19.445559],[-99.132231,19.444172],[-99.12924,19.442425],[-99.126499,19.440345],[-99.12405,19.437963],[-99.12193,19.435315],[-99.120171,19.432441],[-99.118799,19.429386],[-99.117836,19.426194],[-99.117297,19.422916],[-99.117188,19.419599],[-99.117513,19.416295],[-99.118266,19.413054],[-99.119435,19.409925],[-99.121003,19.406954],[-99.122947,19.404188],[-99.125236,19.401669],[-99.127836,19.399433],[-99.130707,19.397516],[-99.133807,19.395946],[-99.137087,19.394748],[-99.140499,19.393938],[-99.143991,19.393531],[-99.147509,19.393531],[-99.151001,19.393938],[-99.154413,19.394748],[-99.157693,19.395946],[-99.160793,19.397516],[-99.163665,19.399433],[-99.166265,19.401669],[-99.168554,19.404188],[-99.170497,19.406954],[-99.172065,19.409925],[-99.173234,19.413054],[-99.173987,19.416295],[-99.174312,19.419599],[-99.174203,19.422916],[-99.173664,19.426194],[-99.172701,19.429386],[-99.17133,19.432441],[-99.16957,19.435315],[-99.16745,19.437963],[-99.165001,19.440345],[-99.16226,19.442425],[-99.159269,19.444172],[-99.156073,19.445559],[-99.15272,19.446565],[-99.149262,19.447174],[-99.14575,19.447379]]]}}",1930294782,Órale Desayunos - Roma - Turbo,19.42042909,-99.14575006
"{""type"":""Feature"",""properties"":{""Store ID"":1930322410,""Store Name"":""Órale Desayunos - El Prado - Turbo"",""STORE_LAT"":19.35913072,""STORE_LNG"":-99.13634468},""geometry"":{""type"":""Polygon"",""coordinates"":[[[-99.136345,19.38608],[-99.132834,19.385876],[-99.129377,19.385266],[-99.126026,19.38426],[-99.122831,19.382874],[-99.119841,19.381127],[-99.117101,19.379047],[-99.114653,19.376665],[-99.112533,19.374017],[-99.110775,19.371143],[-99.109404,19.368088],[-99.108441,19.364896],[-99.107902,19.361617],[-99.107794,19.358301],[-99.108118,19.354997],[-99.108871,19.351756],[-99.110039,19.348626],[-99.111607,19.345656],[-99.11355,19.34289],[-99.115838,19.34037],[-99.118437,19.338135],[-99.121307,19.336218],[-99.124406,19.334648],[-99.127685,19.333449],[-99.131096,19.33264],[-99.134586,19.332232],[-99.138103,19.332232],[-99.141593,19.33264],[-99.145004,19.333449],[-99.148284,19.334648],[-99.151382,19.336218],[-99.154252,19.338135],[-99.156851,19.34037],[-99.15914,19.34289],[-99.161082,19.345656],[-99.16265,19.348626],[-99.163819,19.351756],[-99.164571,19.354997],[-99.164896,19.358301],[-99.164787,19.361617],[-99.164248,19.364896],[-99.163285,19.368088],[-99.161915,19.371143],[-99.160156,19.374017],[-99.158037,19.376665],[-99.155588,19.379047],[-99.152849,19.381127],[-99.149858,19.382874],[-99.146663,19.38426],[-99.143312,19.385266],[-99.139855,19.385876],[-99.136345,19.38608]]]}}",1930322410,Órale Desayunos - El Prado - Turbo,19.35913072,-99.13634468
"{""type"":""Feature"",""properties"":{""Store ID"":1930322418,""Store Name"":""Órale Desayunos - Del Valle - Turbo"",""STORE_LAT"":19.3738474,""STORE_LNG"":-99.1889508},""geometry"":{""type"":""Polygon"",""coordinates"":[[[-99.188951,19.400797],[-99.18544,19.400593],[-99.181983,19.399983],[-99.178631,19.398977],[-99.175436,19.39759],[-99.172445,19.395843],[-99.169705,19.393763],[-99.167257,19.391381],[-99.165137,19.388733],[-99.163379,19.38586],[-99.162008,19.382804],[-99.161045,19.379613],[-99.160506,19.376334],[-99.160397,19.373017],[-99.160722,19.369714],[-99.161474,19.366472],[-99.162643,19.363343],[-99.164211,19.360373],[-99.166154,19.357607],[-99.168442,19.355087],[-99.171041,19.352852],[-99.173912,19.350935],[-99.177011,19.349365],[-99.180291,19.348166],[-99.183702,19.347357],[-99.187192,19.346949],[-99.190709,19.346949],[-99.1942,19.347357],[-99.197611,19.348166],[-99.200891,19.349365],[-99.203989,19.350935],[-99.20686,19.352852],[-99.209459,19.355087],[-99.211748,19.357607],[-99.213691,19.360373],[-99.215258,19.363343],[-99.216427,19.366472],[-99.21718,19.369714],[-99.217504,19.373017],[-99.217396,19.376334],[-99.216857,19.379613],[-99.215894,19.382804],[-99.214523,19.38586],[-99.212764,19.388733],[-99.210645,19.391381],[-99.208196,19.393763],[-99.205456,19.395843],[-99.202466,19.39759],[-99.19927,19.398977],[-99.195919,19.399983],[-99.192461,19.400593],[-99.188951,19.400797]]]}}",1930322418,Órale Desayunos - Del Valle - Turbo,19.3738474,-99.1889508
"{""type"":""Feature"",""properties"":{""Store ID"":1930290744,""Store Name"":""Órale Desayunos - San Ángel - Turbo"",""STORE_LAT"":19.3472217,""STORE_LNG"":-99.1904483},""geometry"":{""type"":""Polygon"",""coordinates"":[[[-99.190448,19.374171],[-99.186938,19.373967],[-99.183482,19.373357],[-99.18013,19.372351],[-99.176936,19.370965],[-99.173946,19.369218],[-99.171206,19.367138],[-99.168758,19.364756],[-99.166639,19.362108],[-99.16488,19.359234],[-99.16351,19.356178],[-99.162547,19.352987],[-99.162008,19.349708],[-99.161899,19.346392],[-99.162224,19.343088],[-99.162976,19.339847],[-99.164145,19.336717],[-99.165713,19.333747],[-99.167655,19.330981],[-99.169943,19.328461],[-99.172542,19.326226],[-99.175412,19.324309],[-99.17851,19.322739],[-99.18179,19.32154],[-99.1852,19.320731],[-99.18869,19.320323],[-99.192207,19.320323],[-99.195697,19.320731],[-99.199107,19.32154],[-99.202386,19.322739],[-99.205484,19.324309],[-99.208355,19.326226],[-99.210954,19.328461],[-99.213242,19.330981],[-99.215184,19.333747],[-99.216752,19.336717],[-99.21792,19.339847],[-99.218673,19.343088],[-99.218997,19.346392],[-99.218889,19.349708],[-99.218349,19.352987],[-99.217387,19.356178],[-99.216016,19.359234],[-99.214258,19.362108],[-99.212139,19.364756],[-99.209691,19.367138],[-99.206951,19.369218],[-99.203961,19.370965],[-99.200766,19.372351],[-99.197415,19.373357],[-99.193958,19.373967],[-99.190448,19.374171]]]}}",1930290744,Órale Desayunos - San Ángel - Turbo,19.3472217,-99.1904483
"{""type"":""Feature"",""properties"":{""Store ID"":1930292025,""Store Name"":""Órale Desayunos - Jardines - Turbo"",""STORE_LAT"":20.68718955,""STORE_LNG"":-103.4241856},""geometry"":{""type"":""Polygon"",""coordinates"":[[[-103.424186,20.714139],[-103.420646,20.713935],[-103.417159,20.713325],[-103.413779,20.712319],[-103.410557,20.710932],[-103.407542,20.709186],[-103.404779,20.707105],[-103.40231,20.704723],[-103.400172,20.702075],[-103.398399,20.699202],[-103.397016,20.696146],[-103.396046,20.692955],[-103.395502,20.689676],[-103.395392,20.68636],[-103.39572,20.683056],[-103.396478,20.679814],[-103.397657,20.676685],[-103.399238,20.673715],[-103.401197,20.670949],[-103.403505,20.668429],[-103.406126,20.666194],[-103.409021,20.664277],[-103.412145,20.662707],[-103.415453,20.661508],[-103.418892,20.660699],[-103.422412,20.660291],[-103.425959,20.660291],[-103.429479,20.660699],[-103.432918,20.661508],[-103.436226,20.662707],[-103.43935,20.664277],[-103.442245,20.666194],[-103.444866,20.668429],[-103.447174,20.670949],[-103.449133,20.673715],[-103.450714,20.676685],[-103.451893,20.679814],[-103.452652,20.683056],[-103.452979,20.68636],[-103.45287,20.689676],[-103.452326,20.692955],[-103.451355,20.696146],[-103.449972,20.699202],[-103.448199,20.702075],[-103.446062,20.704723],[-103.443593,20.707105],[-103.440829,20.709186],[-103.437814,20.710932],[-103.434592,20.712319],[-103.431212,20.713325],[-103.427726,20.713935],[-103.424186,20.714139]]]}}",1930292025,Órale Desayunos - Jardines - Turbo,20.68718955,-103.4241856
"{""type"":""Feature"",""properties"":{""Store ID"":1930322426,""Store Name"":""Órale Desayunos - La Calma - Turbo"",""STORE_LAT"":20.640052,""STORE_LNG"":-103.4200824},""geometry"":{""type"":""Polygon"",""coordinates"":[[[-103.420082,20.667001],[-103.416543,20.666797],[-103.413058,20.666188],[-103.409679,20.665182],[-103.406458,20.663795],[-103.403444,20.662048],[-103.400681,20.659968],[-103.398213,20.657586],[-103.396076,20.654938],[-103.394304,20.652064],[-103.392922,20.649009],[-103.391951,20.645817],[-103.391407,20.642539],[-103.391298,20.639222],[-103.391625,20.635918],[-103.392384,20.632677],[-103.393562,20.629547],[-103.395143,20.626577],[-103.397101,20.623811],[-103.399408,20.621292],[-103.402028,20.619056],[-103.404922,20.617139],[-103.408046,20.615569],[-103.411352,20.614371],[-103.414791,20.613561],[-103.41831,20.613154],[-103.421855,20.613154],[-103.425374,20.613561],[-103.428813,20.614371],[-103.432119,20.615569],[-103.435243,20.617139],[-103.438136,20.619056],[-103.440757,20.621292],[-103.443064,20.623811],[-103.445022,20.626577],[-103.446603,20.629547],[-103.447781,20.632677],[-103.448539,20.635918],[-103.448867,20.639222],[-103.448757,20.642539],[-103.448214,20.645817],[-103.447243,20.649009],[-103.445861,20.652064],[-103.444088,20.654938],[-103.441952,20.657586],[-103.439483,20.659968],[-103.436721,20.662048],[-103.433707,20.663795],[-103.430485,20.665182],[-103.427107,20.666188],[-103.423621,20.666797],[-103.420082,20.667001]]]}}",1930322426,Órale Desayunos - La Calma - Turbo,20.640052,-103.4200824
"{""type"":""Feature"",""properties"":{""Store ID"":1930290757,""Store Name"":""Órale Desayunos - Montejo - Turbo"",""STORE_LAT"":21.01008285,""STORE_LNG"":-89.6234001},""geometry"":{""type"":""Polygon"",""coordinates"":[[[-89.6234,21.037032],[-89.619852,21.036828],[-89.616359,21.036218],[-89.612972,21.035212],[-89.609742,21.033826],[-89.606721,21.032079],[-89.603951,21.029999],[-89.601477,21.027617],[-89.599335,21.024969],[-89.597558,21.022095],[-89.596172,21.01904],[-89.5952,21.015848],[-89.594655,21.012569],[-89.594545,21.009253],[-89.594873,21.005949],[-89.595633,21.002708],[-89.596815,20.999578],[-89.598399,20.996608],[-89.600362,20.993842],[-89.602675,20.991322],[-89.605302,20.989087],[-89.608203,20.98717],[-89.611334,20.9856],[-89.614648,20.984402],[-89.618095,20.983592],[-89.621623,20.983185],[-89.625177,20.983185],[-89.628705,20.983592],[-89.632152,20.984402],[-89.635466,20.9856],[-89.638598,20.98717],[-89.641499,20.989087],[-89.644125,20.991322],[-89.646438,20.993842],[-89.648401,20.996608],[-89.649985,20.999578],[-89.651167,21.002708],[-89.651927,21.005949],[-89.652255,21.009253],[-89.652146,21.012569],[-89.6516,21.015848],[-89.650628,21.01904],[-89.649242,21.022095],[-89.647465,21.024969],[-89.645323,21.027617],[-89.642849,21.029999],[-89.64008,21.032079],[-89.637058,21.033826],[-89.633829,21.035212],[-89.630442,21.036218],[-89.626948,21.036828],[-89.6234,21.037032]]]}}",1930290757,Órale Desayunos - Montejo - Turbo,21.01008285,-89.6234001
"{""type"":""Feature"",""properties"":{""Store ID"":1930290741,""Store Name"":""Órale Desayunos - San Jerónimo Monterrey - Turbo"",""STORE_LAT"":25.6755149,""STORE_LNG"":-100.3534088},""geometry"":{""type"":""Polygon"",""coordinates"":[[[-100.353409,25.702464],[-100.349734,25.70226],[-100.346115,25.70165],[-100.342607,25.700645],[-100.339262,25.699258],[-100.336132,25.697511],[-100.333264,25.695431],[-100.330701,25.693049],[-100.328483,25.690401],[-100.326642,25.687527],[-100.325207,25.684472],[-100.324199,25.68128],[-100.323634,25.678001],[-100.323521,25.674685],[-100.323861,25.671381],[-100.324648,25.66814],[-100.325872,25.66501],[-100.327513,25.66204],[-100.329547,25.659274],[-100.331942,25.656754],[-100.334663,25.654519],[-100.337667,25.652602],[-100.340911,25.651032],[-100.344344,25.649834],[-100.347914,25.649024],[-100.351568,25.648617],[-100.35525,25.648617],[-100.358903,25.649024],[-100.362474,25.649834],[-100.365907,25.651032],[-100.36915,25.652602],[-100.372155,25.654519],[-100.374876,25.656754],[-100.377271,25.659274],[-100.379305,25.66204],[-100.380946,25.66501],[-100.382169,25.66814],[-100.382957,25.671381],[-100.383297,25.674685],[-100.383183,25.678001],[-100.382618,25.68128],[-100.381611,25.684472],[-100.380176,25.687527],[-100.378335,25.690401],[-100.376116,25.693049],[-100.373554,25.695431],[-100.370685,25.697511],[-100.367555,25.699258],[-100.364211,25.700645],[-100.360702,25.70165],[-100.357083,25.70226],[-100.353409,25.702464]]]}}",1930290741,Órale Desayunos - San Jerónimo Monterrey - Turbo,25.6755149,-100.3534088
"{""type"":""Feature"",""properties"":{""Store ID"":1930290743,""Store Name"":""Órale Desayunos - Lincoln - Turbo"",""STORE_LAT"":25.722798,""STORE_LNG"":-100.3612026},""geometry"":{""type"":""Polygon"",""coordinates"":[[[-100.361203,25.749747],[-100.357527,25.749543],[-100.353906,25.748934],[-100.350396,25.747928],[-100.347051,25.746541],[-100.343919,25.744794],[-100.34105,25.742714],[-100.338486,25.740332],[-100.336266,25.737684],[-100.334425,25.73481],[-100.332989,25.731755],[-100.331981,25.728563],[-100.331416,25.725285],[-100.331303,25.721968],[-100.331643,25.718664],[-100.332431,25.715423],[-100.333655,25.712293],[-100.335297,25.709323],[-100.337331,25.706557],[-100.339727,25.704038],[-100.342449,25.701802],[-100.345455,25.699885],[-100.3487,25.698315],[-100.352134,25.697117],[-100.355706,25.696307],[-100.359361,25.6959],[-100.363044,25.6959],[-100.366699,25.696307],[-100.370271,25.697117],[-100.373705,25.698315],[-100.37695,25.699885],[-100.379956,25.701802],[-100.382678,25.704038],[-100.385074,25.706557],[-100.387109,25.709323],[-100.38875,25.712293],[-100.389974,25.715423],[-100.390762,25.718664],[-100.391102,25.721968],[-100.390989,25.725285],[-100.390424,25.728563],[-100.389416,25.731755],[-100.38798,25.73481],[-100.386139,25.737684],[-100.383919,25.740332],[-100.381355,25.742714],[-100.378486,25.744794],[-100.375355,25.746541],[-100.372009,25.747928],[-100.368499,25.748934],[-100.364879,25.749543],[-100.361203,25.749747]]]}}",1930290743,Órale Desayunos - Lincoln - Turbo,25.722798,-100.3612026
"{""type"":""Feature"",""properties"":{""Store ID"":1930322427,""Store Name"":""Órale Desayunos - Jardines Del Valle - Turbo"",""STORE_LAT"":20.7638322,""STORE_LNG"":-103.4382062},""geometry"":{""type"":""Polygon"",""coordinates"":[[[-103.438206,20.790782],[-103.434664,20.790577],[-103.431176,20.789968],[-103.427795,20.788962],[-103.424571,20.787575],[-103.421554,20.785828],[-103.418789,20.783748],[-103.416319,20.781366],[-103.414181,20.778718],[-103.412406,20.775845],[-103.411023,20.772789],[-103.410052,20.769598],[-103.409508,20.766319],[-103.409398,20.763002],[-103.409726,20.759698],[-103.410485,20.756457],[-103.411664,20.753328],[-103.413246,20.750357],[-103.415206,20.747592],[-103.417515,20.745072],[-103.420137,20.742836],[-103.423034,20.740919],[-103.42616,20.73935],[-103.429469,20.738151],[-103.43291,20.737342],[-103.436432,20.736934],[-103.43998,20.736934],[-103.443502,20.737342],[-103.446943,20.738151],[-103.450252,20.73935],[-103.453379,20.740919],[-103.456275,20.742836],[-103.458897,20.745072],[-103.461206,20.747592],[-103.463166,20.750357],[-103.464748,20.753328],[-103.465927,20.756457],[-103.466687,20.759698],[-103.467014,20.763002],[-103.466905,20.766319],[-103.46636,20.769598],[-103.465389,20.772789],[-103.464006,20.775845],[-103.462232,20.778718],[-103.460093,20.781366],[-103.457623,20.783748],[-103.454858,20.785828],[-103.451841,20.787575],[-103.448618,20.788962],[-103.445236,20.789968],[-103.441748,20.790577],[-103.438206,20.790782]]]}}",1930322427,Órale Desayunos - Jardines Del Valle - Turbo,20.7638322,-103.4382062
"{""type"":""Feature"",""properties"":{""Store ID"":1930294784,""Store Name"":""Órale Desayunos - Polanco - Turbo"",""STORE_LAT"":19.44435712,""STORE_LNG"":-99.19893965},""geometry"":{""type"":""Polygon"",""coordinates"":[[[-99.19894,19.471307],[-99.195428,19.471102],[-99.191969,19.470493],[-99.188616,19.469487],[-99.185419,19.4681],[-99.182427,19.466353],[-99.179686,19.464273],[-99.177236,19.461891],[-99.175116,19.459243],[-99.173356,19.45637],[-99.171985,19.453314],[-99.171022,19.450123],[-99.170482,19.446844],[-99.170374,19.443527],[-99.170698,19.440223],[-99.171451,19.436982],[-99.172621,19.433853],[-99.174189,19.430882],[-99.176133,19.428116],[-99.178422,19.425597],[-99.181022,19.423361],[-99.183894,19.421444],[-99.186995,19.419874],[-99.190276,19.418676],[-99.193688,19.417867],[-99.19718,19.417459],[-99.200699,19.417459],[-99.204191,19.417867],[-99.207604,19.418676],[-99.210885,19.419874],[-99.213985,19.421444],[-99.216857,19.423361],[-99.219457,19.425597],[-99.221747,19.428116],[-99.22369,19.430882],[-99.225259,19.433853],[-99.226428,19.436982],[-99.227181,19.440223],[-99.227506,19.443527],[-99.227397,19.446844],[-99.226857,19.450123],[-99.225895,19.453314],[-99.224523,19.45637],[-99.222764,19.459243],[-99.220643,19.461891],[-99.218194,19.464273],[-99.215452,19.466353],[-99.21246,19.4681],[-99.209264,19.469487],[-99.205911,19.470493],[-99.202452,19.471102],[-99.19894,19.471307]]]}}",1930294784,Órale Desayunos - Polanco - Turbo,19.44435712,-99.19893965
"{""type"":""Feature"",""properties"":{""Store ID"":1930322413,""Store Name"":""Órale Desayunos - Saltillo Centro - Turbo"",""STORE_LAT"":25.43067789,""STORE_LNG"":-101.0031926},""geometry"":{""type"":""Polygon"",""coordinates"":[[[-101.003193,25.457627],[-100.999526,25.457423],[-100.995914,25.456813],[-100.992413,25.455808],[-100.989075,25.454421],[-100.985951,25.452674],[-100.983089,25.450594],[-100.980531,25.448212],[-100.978317,25.445564],[-100.97648,25.44269],[-100.975048,25.439635],[-100.974043,25.436443],[-100.973479,25.433164],[-100.973366,25.429848],[-100.973705,25.426544],[-100.974491,25.423303],[-100.975712,25.420173],[-100.97735,25.417203],[-100.979379,25.414437],[-100.981769,25.411917],[-100.984485,25.409682],[-100.987483,25.407765],[-100.99072,25.406195],[-100.994146,25.404997],[-100.997709,25.404187],[-101.001356,25.40378],[-101.00503,25.40378],[-101.008676,25.404187],[-101.012239,25.404997],[-101.015665,25.406195],[-101.018902,25.407765],[-101.021901,25.409682],[-101.024616,25.411917],[-101.027006,25.414437],[-101.029036,25.417203],[-101.030673,25.420173],[-101.031894,25.423303],[-101.03268,25.426544],[-101.033019,25.429848],[-101.032906,25.433164],[-101.032343,25.436443],[-101.031337,25.439635],[-101.029905,25.44269],[-101.028068,25.445564],[-101.025854,25.448212],[-101.023296,25.450594],[-101.020434,25.452674],[-101.01731,25.454421],[-101.013972,25.455808],[-101.010471,25.456813],[-101.00686,25.457423],[-101.003193,25.457627]]]}}",1930322413,Órale Desayunos - Saltillo Centro - Turbo,25.43067789,-101.0031926
"{""type"":""Feature"",""properties"":{""Store ID"":1930322421,""Store Name"":""Órale Desayunos - Monterrey - Turbo"",""STORE_LAT"":25.65365167,""STORE_LNG"":-100.3813398},""geometry"":{""type"":""Polygon"",""coordinates"":[[[-100.38134,25.680601],[-100.377666,25.680397],[-100.374048,25.679787],[-100.37054,25.678781],[-100.367196,25.677394],[-100.364066,25.675648],[-100.361199,25.673568],[-100.358636,25.671185],[-100.356418,25.668538],[-100.354578,25.665664],[-100.353143,25.662608],[-100.352136,25.659417],[-100.351571,25.656138],[-100.351458,25.652822],[-100.351797,25.649518],[-100.352585,25.646277],[-100.353808,25.643147],[-100.355449,25.640177],[-100.357482,25.637411],[-100.359877,25.634891],[-100.362597,25.632656],[-100.365601,25.630739],[-100.368844,25.629169],[-100.372277,25.62797],[-100.375846,25.627161],[-100.379499,25.626753],[-100.38318,25.626753],[-100.386833,25.627161],[-100.390403,25.62797],[-100.393835,25.629169],[-100.397078,25.630739],[-100.400083,25.632656],[-100.402803,25.634891],[-100.405198,25.637411],[-100.407231,25.640177],[-100.408872,25.643147],[-100.410095,25.646277],[-100.410882,25.649518],[-100.411222,25.652822],[-100.411109,25.656138],[-100.410544,25.659417],[-100.409537,25.662608],[-100.408102,25.665664],[-100.406262,25.668538],[-100.404043,25.671185],[-100.401481,25.673568],[-100.398613,25.675648],[-100.395484,25.677394],[-100.39214,25.678781],[-100.388632,25.679787],[-100.385014,25.680397],[-100.38134,25.680601]]]}}",1930322421,Órale Desayunos - Monterrey - Turbo,25.65365167,-100.3813398
"{""type"":""Feature"",""properties"":{""Store ID"":1930322409,""Store Name"":""Órale Desayunos - Santa Catarina - Turbo"",""STORE_LAT"":25.67466831,""STORE_LNG"":-100.4256834},""geometry"":{""type"":""Polygon"",""coordinates"":[[[-100.425683,25.701618],[-100.422009,25.701414],[-100.41839,25.700804],[-100.414882,25.699798],[-100.411537,25.698411],[-100.408407,25.696664],[-100.405539,25.694584],[-100.402976,25.692202],[-100.400757,25.689554],[-100.398917,25.686681],[-100.397481,25.683625],[-100.396474,25.680434],[-100.395909,25.677155],[-100.395796,25.673838],[-100.396136,25.670534],[-100.396923,25.667293],[-100.398147,25.664164],[-100.399788,25.661194],[-100.401821,25.658428],[-100.404217,25.655908],[-100.406937,25.653673],[-100.409942,25.651755],[-100.413186,25.650186],[-100.416619,25.648987],[-100.420189,25.648178],[-100.423843,25.64777],[-100.427524,25.64777],[-100.431178,25.648178],[-100.434748,25.648987],[-100.438181,25.650186],[-100.441425,25.651755],[-100.444429,25.653673],[-100.44715,25.655908],[-100.449545,25.658428],[-100.451579,25.661194],[-100.45322,25.664164],[-100.454444,25.667293],[-100.455231,25.670534],[-100.455571,25.673838],[-100.455458,25.677155],[-100.454893,25.680434],[-100.453885,25.683625],[-100.45245,25.686681],[-100.45061,25.689554],[-100.448391,25.692202],[-100.445828,25.694584],[-100.44296,25.696664],[-100.43983,25.698411],[-100.436485,25.699798],[-100.432977,25.700804],[-100.429358,25.701414],[-100.425683,25.701618]]]}}",1930322409,Órale Desayunos - Santa Catarina - Turbo,25.67466831,-100.4256834
"{""type"":""Feature"",""properties"":{""Store ID"":1930322414,""Store Name"":""Órale Desayunos - Zona Esmeralda - Turbo"",""STORE_LAT"":19.55977896,""STORE_LNG"":-99.22021636},""geometry"":{""type"":""Polygon"",""coordinates"":[[[-99.220216,19.586728],[-99.216702,19.586524],[-99.21324,19.585914],[-99.209885,19.584909],[-99.206686,19.583522],[-99.203692,19.581775],[-99.200949,19.579695],[-99.198497,19.577313],[-99.196375,19.574665],[-99.194615,19.571791],[-99.193242,19.568736],[-99.192279,19.565544],[-99.191738,19.562266],[-99.19163,19.558949],[-99.191955,19.555645],[-99.192708,19.552404],[-99.193879,19.549274],[-99.195448,19.546304],[-99.197393,19.543538],[-99.199684,19.541019],[-99.202286,19.538783],[-99.20516,19.536866],[-99.208263,19.535296],[-99.211546,19.534098],[-99.214961,19.533288],[-99.218456,19.532881],[-99.221977,19.532881],[-99.225472,19.533288],[-99.228886,19.534098],[-99.23217,19.535296],[-99.235272,19.536866],[-99.238146,19.538783],[-99.240749,19.541019],[-99.24304,19.543538],[-99.244985,19.546304],[-99.246554,19.549274],[-99.247724,19.552404],[-99.248478,19.555645],[-99.248803,19.558949],[-99.248694,19.562266],[-99.248154,19.565544],[-99.24719,19.568736],[-99.245818,19.571791],[-99.244057,19.574665],[-99.241935,19.577313],[-99.239484,19.579695],[-99.236741,19.581775],[-99.233747,19.583522],[-99.230548,19.584909],[-99.227192,19.585914],[-99.223731,19.586524],[-99.220216,19.586728]]]}}",1930322414,Órale Desayunos - Zona Esmeralda - Turbo,19.55977896,-99.22021636
"{""type"":""Feature"",""properties"":{""Store ID"":1930294783,""Store Name"":""Órale Desayunos - Santa Teresita - Turbo"",""STORE_LAT"":20.67704232,""STORE_LNG"":-103.3760269},""geometry"":{""type"":""Polygon"",""coordinates"":[[[-103.376027,20.703992],[-103.372487,20.703788],[-103.369001,20.703178],[-103.365621,20.702172],[-103.362399,20.700785],[-103.359384,20.699038],[-103.356621,20.696958],[-103.354152,20.694576],[-103.352015,20.691928],[-103.350242,20.689055],[-103.348859,20.685999],[-103.347889,20.682808],[-103.347345,20.679529],[-103.347236,20.676212],[-103.347563,20.672908],[-103.348322,20.669667],[-103.3495,20.666538],[-103.351081,20.663568],[-103.35304,20.660802],[-103.355348,20.658282],[-103.357968,20.656047],[-103.360863,20.654129],[-103.363988,20.65256],[-103.367295,20.651361],[-103.370734,20.650552],[-103.374254,20.650144],[-103.3778,20.650144],[-103.38132,20.650552],[-103.384759,20.651361],[-103.388066,20.65256],[-103.391191,20.654129],[-103.394085,20.656047],[-103.396706,20.658282],[-103.399014,20.660802],[-103.400973,20.663568],[-103.402554,20.666538],[-103.403732,20.669667],[-103.404491,20.672908],[-103.404818,20.676212],[-103.404709,20.679529],[-103.404165,20.682808],[-103.403194,20.685999],[-103.401812,20.689055],[-103.400039,20.691928],[-103.397901,20.694576],[-103.395433,20.696958],[-103.39267,20.699038],[-103.389654,20.700785],[-103.386432,20.702172],[-103.383053,20.703178],[-103.379567,20.703788],[-103.376027,20.703992]]]}}",1930294783,Órale Desayunos - Santa Teresita - Turbo,20.67704232,-103.3760269
"{""type"":""Feature"",""properties"":{""Store ID"":1930290742,""Store Name"":""Órale Desayunos - Tabachines - Turbo"",""STORE_LAT"":20.7284325,""STORE_LNG"":-103.3870918},""geometry"":{""type"":""Polygon"",""coordinates"":[[[-103.387092,20.755382],[-103.383551,20.755178],[-103.380064,20.754568],[-103.376683,20.753562],[-103.37346,20.752175],[-103.370443,20.750429],[-103.367679,20.748348],[-103.36521,20.745966],[-103.363072,20.743318],[-103.361298,20.740445],[-103.359915,20.737389],[-103.358944,20.734198],[-103.3584,20.730919],[-103.358291,20.727603],[-103.358618,20.724299],[-103.359377,20.721057],[-103.360556,20.717928],[-103.362138,20.714958],[-103.364097,20.712192],[-103.366405,20.709672],[-103.369027,20.707437],[-103.371923,20.70552],[-103.375048,20.70395],[-103.378357,20.702751],[-103.381797,20.701942],[-103.385318,20.701534],[-103.388866,20.701534],[-103.392386,20.701942],[-103.395827,20.702751],[-103.399135,20.70395],[-103.402261,20.70552],[-103.405156,20.707437],[-103.407778,20.709672],[-103.410086,20.712192],[-103.412046,20.714958],[-103.413627,20.717928],[-103.414806,20.721057],[-103.415565,20.724299],[-103.415893,20.727603],[-103.415784,20.730919],[-103.415239,20.734198],[-103.414268,20.737389],[-103.412886,20.740445],[-103.411112,20.743318],[-103.408974,20.745966],[-103.406504,20.748348],[-103.40374,20.750429],[-103.400724,20.752175],[-103.397501,20.753562],[-103.39412,20.754568],[-103.390633,20.755178],[-103.387092,20.755382]]]}}",1930290742,Órale Desayunos - Tabachines - Turbo,20.7284325,-103.3870918
"{""type"":""Feature"",""properties"":{""Store ID"":1930343284,""Store Name"":""Tastyfoods (Coapa) - Turbo"",""STORE_LAT"":19.30538818,""STORE_LNG"":-99.12729077},""geometry"":{""type"":""Polygon"",""coordinates"":[[[-99.127291,19.332338],[-99.123782,19.332133],[-99.120326,19.331524],[-99.116975,19.330518],[-99.113782,19.329131],[-99.110792,19.327384],[-99.108053,19.325304],[-99.105606,19.322922],[-99.103487,19.320274],[-99.101729,19.317401],[-99.100359,19.314345],[-99.099397,19.311154],[-99.098857,19.307875],[-99.098749,19.304558],[-99.099074,19.301254],[-99.099826,19.298013],[-99.100994,19.294884],[-99.102561,19.291913],[-99.104503,19.289148],[-99.106791,19.286628],[-99.109389,19.284392],[-99.112258,19.282475],[-99.115356,19.280906],[-99.118634,19.279707],[-99.122044,19.278898],[-99.125533,19.27849],[-99.129049,19.27849],[-99.132538,19.278898],[-99.135947,19.279707],[-99.139226,19.280906],[-99.142323,19.282475],[-99.145193,19.284392],[-99.147791,19.286628],[-99.150078,19.289148],[-99.15202,19.291913],[-99.153587,19.294884],[-99.154756,19.298013],[-99.155508,19.301254],[-99.155832,19.304558],[-99.155724,19.307875],[-99.155185,19.311154],[-99.154223,19.314345],[-99.152852,19.317401],[-99.151094,19.320274],[-99.148976,19.322922],[-99.146528,19.325304],[-99.143789,19.327384],[-99.1408,19.329131],[-99.137606,19.330518],[-99.134256,19.331524],[-99.1308,19.332133],[-99.127291,19.332338]]]}}",1930343284,Tastyfoods (Coapa) - Turbo,19.30538818,-99.12729077
"{""type"":""Feature"",""properties"":{""Store ID"":1930373054,""Store Name"":""Tastyfoods (Del Valle) - Turbo"",""STORE_LAT"":19.3738534,""STORE_LNG"":-99.188999},""geometry"":{""type"":""Polygon"",""coordinates"":[[[-99.188999,19.400803],[-99.185488,19.400599],[-99.182031,19.399989],[-99.178679,19.398983],[-99.175484,19.397596],[-99.172494,19.395849],[-99.169753,19.393769],[-99.167305,19.391387],[-99.165185,19.388739],[-99.163427,19.385866],[-99.162056,19.38281],[-99.161093,19.379619],[-99.160554,19.37634],[-99.160445,19.373023],[-99.16077,19.36972],[-99.161522,19.366478],[-99.162691,19.363349],[-99.164259,19.360379],[-99.166202,19.357613],[-99.16849,19.355093],[-99.17109,19.352858],[-99.17396,19.350941],[-99.177059,19.349371],[-99.180339,19.348172],[-99.18375,19.347363],[-99.18724,19.346955],[-99.190758,19.346955],[-99.194248,19.347363],[-99.197659,19.348172],[-99.200939,19.349371],[-99.204038,19.350941],[-99.206908,19.352858],[-99.209508,19.355093],[-99.211796,19.357613],[-99.213739,19.360379],[-99.215307,19.363349],[-99.216476,19.366478],[-99.217228,19.36972],[-99.217553,19.373023],[-99.217444,19.37634],[-99.216905,19.379619],[-99.215942,19.38281],[-99.214571,19.385866],[-99.212813,19.388739],[-99.210693,19.391387],[-99.208245,19.393769],[-99.205504,19.395849],[-99.202514,19.397596],[-99.199319,19.398983],[-99.195967,19.399989],[-99.19251,19.400599],[-99.188999,19.400803]]]}}",1930373054,Tastyfoods (Del Valle) - Turbo,19.3738534,-99.188999
"{""type"":""Feature"",""properties"":{""Store ID"":1930328930,""Store Name"":""Tastyfoods (San Ángel) - Turbo"",""STORE_LAT"":19.3472491,""STORE_LNG"":-99.1904469},""geometry"":{""type"":""Polygon"",""coordinates"":[[[-99.190447,19.374199],[-99.186937,19.373994],[-99.18348,19.373385],[-99.180129,19.372379],[-99.176934,19.370992],[-99.173944,19.369245],[-99.171205,19.367165],[-99.168756,19.364783],[-99.166637,19.362135],[-99.164879,19.359262],[-99.163508,19.356206],[-99.162546,19.353014],[-99.162006,19.349736],[-99.161898,19.346419],[-99.162222,19.343115],[-99.162975,19.339874],[-99.164144,19.336745],[-99.165711,19.333774],[-99.167654,19.331008],[-99.169942,19.328489],[-99.17254,19.326253],[-99.175411,19.324336],[-99.178509,19.322766],[-99.181788,19.321568],[-99.185199,19.320759],[-99.188689,19.320351],[-99.192205,19.320351],[-99.195695,19.320759],[-99.199106,19.321568],[-99.202385,19.322766],[-99.205483,19.324336],[-99.208353,19.326253],[-99.210952,19.328489],[-99.21324,19.331008],[-99.215183,19.333774],[-99.21675,19.336745],[-99.217919,19.339874],[-99.218671,19.343115],[-99.218996,19.346419],[-99.218887,19.349736],[-99.218348,19.353014],[-99.217386,19.356206],[-99.216015,19.359262],[-99.214257,19.362135],[-99.212137,19.364783],[-99.209689,19.367165],[-99.20695,19.369245],[-99.20396,19.370992],[-99.200765,19.372379],[-99.197414,19.373385],[-99.193957,19.373994],[-99.190447,19.374199]]]}}",1930328930,Tastyfoods (San Ángel) - Turbo,19.3472491,-99.1904469
"{""type"":""Feature"",""properties"":{""Store ID"":1930328931,""Store Name"":""Tastyfoods (Montejo) - Turbo"",""STORE_LAT"":21.0100802,""STORE_LNG"":-89.6231875},""geometry"":{""type"":""Polygon"",""coordinates"":[[[-89.623188,21.03703],[-89.61964,21.036825],[-89.616146,21.036216],[-89.612759,21.03521],[-89.60953,21.033823],[-89.606508,21.032076],[-89.603739,21.029996],[-89.601264,21.027614],[-89.599122,21.024966],[-89.597345,21.022093],[-89.59596,21.019037],[-89.594987,21.015846],[-89.594442,21.012567],[-89.594332,21.00925],[-89.59466,21.005946],[-89.595421,21.002705],[-89.596602,20.999576],[-89.598186,20.996605],[-89.60015,20.99384],[-89.602462,20.99132],[-89.605089,20.989084],[-89.60799,20.987167],[-89.611122,20.985598],[-89.614436,20.984399],[-89.617883,20.98359],[-89.62141,20.983182],[-89.624965,20.983182],[-89.628492,20.98359],[-89.631939,20.984399],[-89.635253,20.985598],[-89.638385,20.987167],[-89.641286,20.989084],[-89.643913,20.99132],[-89.646225,20.99384],[-89.648189,20.996605],[-89.649773,20.999576],[-89.650954,21.002705],[-89.651715,21.005946],[-89.652043,21.00925],[-89.651933,21.012567],[-89.651388,21.015846],[-89.650415,21.019037],[-89.64903,21.022093],[-89.647253,21.024966],[-89.645111,21.027614],[-89.642636,21.029996],[-89.639867,21.032076],[-89.636845,21.033823],[-89.633616,21.03521],[-89.630229,21.036216],[-89.626735,21.036825],[-89.623188,21.03703]]]}}",1930328931,Tastyfoods (Montejo) - Turbo,21.0100802,-89.6231875
"{""type"":""Feature"",""properties"":{""Store ID"":1930328932,""Store Name"":""Tastyfoods (San Jerónimo) - Turbo"",""STORE_LAT"":25.6752163,""STORE_LNG"":-100.3533931},""geometry"":{""type"":""Polygon"",""coordinates"":[[[-100.353393,25.702166],[-100.349719,25.701961],[-100.3461,25.701352],[-100.342591,25.700346],[-100.339247,25.698959],[-100.336117,25.697212],[-100.333248,25.695132],[-100.330686,25.69275],[-100.328467,25.690102],[-100.326626,25.687229],[-100.325191,25.684173],[-100.324184,25.680982],[-100.323619,25.677703],[-100.323505,25.674386],[-100.323845,25.671082],[-100.324633,25.667841],[-100.325856,25.664712],[-100.327497,25.661742],[-100.329531,25.658976],[-100.331926,25.656456],[-100.334647,25.654221],[-100.337652,25.652303],[-100.340895,25.650734],[-100.344328,25.649535],[-100.347899,25.648726],[-100.351552,25.648318],[-100.355234,25.648318],[-100.358888,25.648726],[-100.362458,25.649535],[-100.365891,25.650734],[-100.369134,25.652303],[-100.372139,25.654221],[-100.37486,25.656456],[-100.377255,25.658976],[-100.379289,25.661742],[-100.38093,25.664712],[-100.382153,25.667841],[-100.382941,25.671082],[-100.383281,25.674386],[-100.383167,25.677703],[-100.382603,25.680982],[-100.381595,25.684173],[-100.38016,25.687229],[-100.378319,25.690102],[-100.376101,25.69275],[-100.373538,25.695132],[-100.37067,25.697212],[-100.367539,25.698959],[-100.364195,25.700346],[-100.360687,25.701352],[-100.357068,25.701961],[-100.353393,25.702166]]]}}",1930328932,Tastyfoods (San Jerónimo) - Turbo,25.6752163,-100.3533931
"{""type"":""Feature"",""properties"":{""Store ID"":1930328928,""Store Name"":""Tastyfoods (Polanco) - Turbo"",""STORE_LAT"":19.4443812,""STORE_LNG"":-99.1989995},""geometry"":{""type"":""Polygon"",""coordinates"":[[[-99.198999,19.471331],[-99.195487,19.471126],[-99.192029,19.470517],[-99.188675,19.469511],[-99.185479,19.468124],[-99.182487,19.466377],[-99.179746,19.464297],[-99.177296,19.461915],[-99.175176,19.459267],[-99.173416,19.456394],[-99.172045,19.453338],[-99.171082,19.450147],[-99.170542,19.446868],[-99.170434,19.443551],[-99.170758,19.440247],[-99.171511,19.437006],[-99.17268,19.433877],[-99.174249,19.430906],[-99.176193,19.428141],[-99.178482,19.425621],[-99.181082,19.423385],[-99.183954,19.421468],[-99.187054,19.419899],[-99.190336,19.4187],[-99.193748,19.417891],[-99.19724,19.417483],[-99.200759,19.417483],[-99.204251,19.417891],[-99.207663,19.4187],[-99.210945,19.419899],[-99.214045,19.421468],[-99.216917,19.423385],[-99.219517,19.425621],[-99.221806,19.428141],[-99.22375,19.430906],[-99.225319,19.433877],[-99.226488,19.437006],[-99.227241,19.440247],[-99.227565,19.443551],[-99.227457,19.446868],[-99.226917,19.450147],[-99.225954,19.453338],[-99.224583,19.456394],[-99.222823,19.459267],[-99.220703,19.461915],[-99.218253,19.464297],[-99.215512,19.466377],[-99.21252,19.468124],[-99.209324,19.469511],[-99.20597,19.470517],[-99.202512,19.471126],[-99.198999,19.471331]]]}}",1930328928,Tastyfoods (Polanco) - Turbo,19.4443812,-99.1989995
"{""type"":""Feature"",""properties"":{""Store ID"":1930386751,""Store Name"":""Tastyfoods (Saltillo Centro) - Turbo"",""STORE_LAT"":25.4307317,""STORE_LNG"":-101.0032506},""geometry"":{""type"":""Polygon"",""coordinates"":[[[-101.003251,25.457681],[-100.999584,25.457477],[-100.995972,25.456867],[-100.992471,25.455861],[-100.989133,25.454475],[-100.986009,25.452728],[-100.983147,25.450648],[-100.980589,25.448266],[-100.978375,25.445618],[-100.976538,25.442744],[-100.975106,25.439688],[-100.974101,25.436497],[-100.973537,25.433218],[-100.973424,25.429902],[-100.973763,25.426598],[-100.974549,25.423357],[-100.97577,25.420227],[-100.977408,25.417257],[-100.979437,25.414491],[-100.981827,25.411971],[-100.984543,25.409736],[-100.987541,25.407819],[-100.990778,25.406249],[-100.994204,25.40505],[-100.997767,25.404241],[-101.001414,25.403833],[-101.005088,25.403833],[-101.008734,25.404241],[-101.012297,25.40505],[-101.015723,25.406249],[-101.01896,25.407819],[-101.021959,25.409736],[-101.024674,25.411971],[-101.027064,25.414491],[-101.029094,25.417257],[-101.030731,25.420227],[-101.031952,25.423357],[-101.032738,25.426598],[-101.033077,25.429902],[-101.032964,25.433218],[-101.032401,25.436497],[-101.031395,25.439688],[-101.029963,25.442744],[-101.028126,25.445618],[-101.025912,25.448266],[-101.023354,25.450648],[-101.020492,25.452728],[-101.017368,25.454475],[-101.01403,25.455861],[-101.010529,25.456867],[-101.006918,25.457477],[-101.003251,25.457681]]]}}",1930386751,Tastyfoods (Saltillo Centro) - Turbo,25.4307317,-101.0032506
"{""type"":""Feature"",""properties"":{""Store ID"":1930383901,""Store Name"":""The Breakfast Club (Del Valle) - Turbo"",""STORE_LAT"":19.3738534,""STORE_LNG"":-99.188999},""geometry"":{""type"":""Polygon"",""coordinates"":[[[-99.188999,19.400803],[-99.185488,19.400599],[-99.182031,19.399989],[-99.178679,19.398983],[-99.175484,19.397596],[-99.172494,19.395849],[-99.169753,19.393769],[-99.167305,19.391387],[-99.165185,19.388739],[-99.163427,19.385866],[-99.162056,19.38281],[-99.161093,19.379619],[-99.160554,19.37634],[-99.160445,19.373023],[-99.16077,19.36972],[-99.161522,19.366478],[-99.162691,19.363349],[-99.164259,19.360379],[-99.166202,19.357613],[-99.16849,19.355093],[-99.17109,19.352858],[-99.17396,19.350941],[-99.177059,19.349371],[-99.180339,19.348172],[-99.18375,19.347363],[-99.18724,19.346955],[-99.190758,19.346955],[-99.194248,19.347363],[-99.197659,19.348172],[-99.200939,19.349371],[-99.204038,19.350941],[-99.206908,19.352858],[-99.209508,19.355093],[-99.211796,19.357613],[-99.213739,19.360379],[-99.215307,19.363349],[-99.216476,19.366478],[-99.217228,19.36972],[-99.217553,19.373023],[-99.217444,19.37634],[-99.216905,19.379619],[-99.215942,19.38281],[-99.214571,19.385866],[-99.212813,19.388739],[-99.210693,19.391387],[-99.208245,19.393769],[-99.205504,19.395849],[-99.202514,19.397596],[-99.199319,19.398983],[-99.195967,19.399989],[-99.19251,19.400599],[-99.188999,19.400803]]]}}",1930383901,The Breakfast Club (Del Valle) - Turbo,19.3738534,-99.188999
"{""type"":""Feature"",""properties"":{""Store ID"":1930329031,""Store Name"":""The Breakfast Club (San Ángel) - Turbo"",""STORE_LAT"":19.3472491,""STORE_LNG"":-99.1904469},""geometry"":{""type"":""Polygon"",""coordinates"":[[[-99.190447,19.374199],[-99.186937,19.373994],[-99.18348,19.373385],[-99.180129,19.372379],[-99.176934,19.370992],[-99.173944,19.369245],[-99.171205,19.367165],[-99.168756,19.364783],[-99.166637,19.362135],[-99.164879,19.359262],[-99.163508,19.356206],[-99.162546,19.353014],[-99.162006,19.349736],[-99.161898,19.346419],[-99.162222,19.343115],[-99.162975,19.339874],[-99.164144,19.336745],[-99.165711,19.333774],[-99.167654,19.331008],[-99.169942,19.328489],[-99.17254,19.326253],[-99.175411,19.324336],[-99.178509,19.322766],[-99.181788,19.321568],[-99.185199,19.320759],[-99.188689,19.320351],[-99.192205,19.320351],[-99.195695,19.320759],[-99.199106,19.321568],[-99.202385,19.322766],[-99.205483,19.324336],[-99.208353,19.326253],[-99.210952,19.328489],[-99.21324,19.331008],[-99.215183,19.333774],[-99.21675,19.336745],[-99.217919,19.339874],[-99.218671,19.343115],[-99.218996,19.346419],[-99.218887,19.349736],[-99.218348,19.353014],[-99.217386,19.356206],[-99.216015,19.359262],[-99.214257,19.362135],[-99.212137,19.364783],[-99.209689,19.367165],[-99.20695,19.369245],[-99.20396,19.370992],[-99.200765,19.372379],[-99.197414,19.373385],[-99.193957,19.373994],[-99.190447,19.374199]]]}}",1930329031,The Breakfast Club (San Ángel) - Turbo,19.3472491,-99.1904469
"{""type"":""Feature"",""properties"":{""Store ID"":1930328971,""Store Name"":""The Breakfast Club (Montejo) - Turbo"",""STORE_LAT"":21.0100802,""STORE_LNG"":-89.6231875},""geometry"":{""type"":""Polygon"",""coordinates"":[[[-89.623188,21.03703],[-89.61964,21.036825],[-89.616146,21.036216],[-89.612759,21.03521],[-89.60953,21.033823],[-89.606508,21.032076],[-89.603739,21.029996],[-89.601264,21.027614],[-89.599122,21.024966],[-89.597345,21.022093],[-89.59596,21.019037],[-89.594987,21.015846],[-89.594442,21.012567],[-89.594332,21.00925],[-89.59466,21.005946],[-89.595421,21.002705],[-89.596602,20.999576],[-89.598186,20.996605],[-89.60015,20.99384],[-89.602462,20.99132],[-89.605089,20.989084],[-89.60799,20.987167],[-89.611122,20.985598],[-89.614436,20.984399],[-89.617883,20.98359],[-89.62141,20.983182],[-89.624965,20.983182],[-89.628492,20.98359],[-89.631939,20.984399],[-89.635253,20.985598],[-89.638385,20.987167],[-89.641286,20.989084],[-89.643913,20.99132],[-89.646225,20.99384],[-89.648189,20.996605],[-89.649773,20.999576],[-89.650954,21.002705],[-89.651715,21.005946],[-89.652043,21.00925],[-89.651933,21.012567],[-89.651388,21.015846],[-89.650415,21.019037],[-89.64903,21.022093],[-89.647253,21.024966],[-89.645111,21.027614],[-89.642636,21.029996],[-89.639867,21.032076],[-89.636845,21.033823],[-89.633616,21.03521],[-89.630229,21.036216],[-89.626735,21.036825],[-89.623188,21.03703]]]}}",1930328971,The Breakfast Club (Montejo) - Turbo,21.0100802,-89.6231875
"{""type"":""Feature"",""properties"":{""Store ID"":1930329030,""Store Name"":""The Breakfast Club (Polanco) - Turbo"",""STORE_LAT"":19.44434726,""STORE_LNG"":-99.19896004},""geometry"":{""type"":""Polygon"",""coordinates"":[[[-99.19896,19.471297],[-99.195448,19.471092],[-99.191989,19.470483],[-99.188636,19.469477],[-99.185439,19.46809],[-99.182448,19.466343],[-99.179706,19.464263],[-99.177257,19.461881],[-99.175136,19.459233],[-99.173377,19.45636],[-99.172005,19.453304],[-99.171042,19.450113],[-99.170502,19.446834],[-99.170394,19.443517],[-99.170719,19.440213],[-99.171472,19.436972],[-99.172641,19.433843],[-99.174209,19.430873],[-99.176153,19.428107],[-99.178442,19.425587],[-99.181043,19.423351],[-99.183915,19.421434],[-99.187015,19.419865],[-99.190296,19.418666],[-99.193709,19.417857],[-99.197201,19.417449],[-99.200719,19.417449],[-99.204212,19.417857],[-99.207624,19.418666],[-99.210905,19.419865],[-99.214005,19.421434],[-99.216877,19.423351],[-99.219478,19.425587],[-99.221767,19.428107],[-99.223711,19.430873],[-99.225279,19.433843],[-99.226449,19.436972],[-99.227201,19.440213],[-99.227526,19.443517],[-99.227418,19.446834],[-99.226878,19.450113],[-99.225915,19.453304],[-99.224543,19.45636],[-99.222784,19.459233],[-99.220663,19.461881],[-99.218214,19.464263],[-99.215473,19.466343],[-99.212481,19.46809],[-99.209284,19.469477],[-99.205931,19.470483],[-99.202472,19.471092],[-99.19896,19.471297]]]}}",1930329030,The Breakfast Club (Polanco) - Turbo,19.44434726,-99.19896004
"{""type"":""Feature"",""properties"":{""Store ID"":1930386696,""Store Name"":""The Breakfast Club (Saltillo Centro) - Turbo"",""STORE_LAT"":25.4307317,""STORE_LNG"":-101.0032506},""geometry"":{""type"":""Polygon"",""coordinates"":[[[-101.003251,25.457681],[-100.999584,25.457477],[-100.995972,25.456867],[-100.992471,25.455861],[-100.989133,25.454475],[-100.986009,25.452728],[-100.983147,25.450648],[-100.980589,25.448266],[-100.978375,25.445618],[-100.976538,25.442744],[-100.975106,25.439688],[-100.974101,25.436497],[-100.973537,25.433218],[-100.973424,25.429902],[-100.973763,25.426598],[-100.974549,25.423357],[-100.97577,25.420227],[-100.977408,25.417257],[-100.979437,25.414491],[-100.981827,25.411971],[-100.984543,25.409736],[-100.987541,25.407819],[-100.990778,25.406249],[-100.994204,25.40505],[-100.997767,25.404241],[-101.001414,25.403833],[-101.005088,25.403833],[-101.008734,25.404241],[-101.012297,25.40505],[-101.015723,25.406249],[-101.01896,25.407819],[-101.021959,25.409736],[-101.024674,25.411971],[-101.027064,25.414491],[-101.029094,25.417257],[-101.030731,25.420227],[-101.031952,25.423357],[-101.032738,25.426598],[-101.033077,25.429902],[-101.032964,25.433218],[-101.032401,25.436497],[-101.031395,25.439688],[-101.029963,25.442744],[-101.028126,25.445618],[-101.025912,25.448266],[-101.023354,25.450648],[-101.020492,25.452728],[-101.017368,25.454475],[-101.01403,25.455861],[-101.010529,25.456867],[-101.006918,25.457477],[-101.003251,25.457681]]]}}",1930386696,The Breakfast Club (Saltillo Centro) - Turbo,25.4307317,-101.0032506
"{""type"":""Feature"",""properties"":{""Store ID"":1930326944,""Store Name"":""The Breakfast Club (Santa Teresita) - Turbo"",""STORE_LAT"":20.6770444,""STORE_LNG"":-103.3760332},""geometry"":{""type"":""Polygon"",""coordinates"":[[[-103.376033,20.703994],[-103.372493,20.70379],[-103.369007,20.70318],[-103.365628,20.702174],[-103.362406,20.700787],[-103.35939,20.69904],[-103.356627,20.69696],[-103.354159,20.694578],[-103.352021,20.69193],[-103.350248,20.689057],[-103.348866,20.686001],[-103.347895,20.68281],[-103.347351,20.679531],[-103.347242,20.676214],[-103.347569,20.672911],[-103.348328,20.669669],[-103.349507,20.66654],[-103.351087,20.66357],[-103.353046,20.660804],[-103.355354,20.658284],[-103.357975,20.656049],[-103.360869,20.654132],[-103.363994,20.652562],[-103.367301,20.651363],[-103.37074,20.650554],[-103.37426,20.650146],[-103.377806,20.650146],[-103.381326,20.650554],[-103.384765,20.651363],[-103.388073,20.652562],[-103.391197,20.654132],[-103.394092,20.656049],[-103.396713,20.658284],[-103.39902,20.660804],[-103.400979,20.66357],[-103.40256,20.66654],[-103.403739,20.669669],[-103.404497,20.672911],[-103.404824,20.676214],[-103.404715,20.679531],[-103.404171,20.68281],[-103.403201,20.686001],[-103.401818,20.689057],[-103.400045,20.69193],[-103.397908,20.694578],[-103.395439,20.69696],[-103.392676,20.69904],[-103.389661,20.700787],[-103.386439,20.702174],[-103.383059,20.70318],[-103.379573,20.70379],[-103.376033,20.703994]]]}}",1930326944,The Breakfast Club (Santa Teresita) - Turbo,20.6770444,-103.3760332